kingdom_number,total_kvks,prep_wins,prep_losses,prep_win_rate,prep_win_streak,battle_wins,battle_losses,battle_win_rate,battle_win_streak,dominations,defeats,most_recent_status,overall_score
1,9,7,2,0.7777777777777778,6,3,6,0.3333333333333333,0,3,2,Unannounced,8.14
2,9,2,7,0.2222222222222222,1,4,5,0.4444444444444444,0,1,4,Unannounced,5.38
3,9,7,2,0.7777777777777778,0,9,0,1.0,9,7,0,Unannounced,10.02
4,9,6,3,0.6666666666666666,0,3,6,0.3333333333333333,0,3,3,Unannounced,6.56
5,9,3,6,0.3333333333333333,1,3,6,0.3333333333333333,0,2,5,Unannounced,5.22
6,9,4,5,0.4444444444444444,1,4,5,0.4444444444444444,0,2,3,Unannounced,4.82
7,9,3,6,0.3333333333333333,0,4,5,0.4444444444444444,0,2,4,Unannounced,6.06
8,9,2,7,0.2222222222222222,0,4,5,0.4444444444444444,0,2,5,Unannounced,4.16
9,8,2,6,0.25,1,4,4,0.5,3,1,3,Unannounced,7.1
10,9,1,8,0.1111111111111111,0,5,4,0.5555555555555556,0,1,4,Unannounced,4.07
11,9,4,5,0.4444444444444444,1,4,5,0.4444444444444444,1,3,4,Unannounced,7.27
12,9,9,0,1.0,9,6,3,0.6666666666666666,0,6,0,Unannounced,10.28
13,9,4,5,0.4444444444444444,1,5,4,0.5555555555555556,2,3,3,Unannounced,7.05
14,8,3,5,0.375,0,5,3,0.625,1,3,3,Unannounced,6.47
15,8,2,6,0.25,0,4,4,0.5,2,1,3,Unannounced,6.33
16,8,3,5,0.375,0,3,5,0.375,1,2,4,Unannounced,4.3
17,8,3,5,0.375,1,5,3,0.625,1,2,2,Unannounced,6.63
18,8,0,8,0.0,0,5,3,0.625,2,0,3,Unannounced,5.16
19,8,5,3,0.625,2,4,4,0.5,0,3,2,Unannounced,7.13
20,8,5,3,0.625,0,3,5,0.375,0,2,2,Unannounced,6.36
21,7,4,3,0.5714285714285714,1,3,4,0.42857142857142855,1,2,2,Unannounced,6.25
22,8,4,4,0.5,2,5,3,0.625,2,3,2,Unannounced,7.72
23,8,4,4,0.5,0,3,5,0.375,1,1,2,Unannounced,5.51
24,8,5,3,0.625,1,5,3,0.625,0,3,1,Unannounced,7.01
25,8,2,6,0.25,0,3,5,0.375,1,0,3,Unannounced,4.03
26,4,1,3,0.25,0,1,3,0.25,0,1,3,Unannounced,3.06
27,8,3,5,0.375,0,2,6,0.25,0,1,4,Unannounced,4.81
28,8,2,6,0.25,0,4,4,0.5,0,1,3,Unannounced,5.78
29,8,5,3,0.625,5,2,6,0.25,0,1,2,Unannounced,6.52
30,8,5,3,0.625,3,5,3,0.625,0,3,1,Unannounced,8.14
31,7,2,5,0.2857142857142857,0,2,5,0.2857142857142857,0,2,5,Unannounced,4.35
32,8,5,3,0.625,0,4,4,0.5,1,3,2,Unannounced,6.2
33,8,6,2,0.75,6,4,4,0.5,1,4,2,Unannounced,8.8
34,8,4,4,0.5,1,4,4,0.5,1,3,3,Unannounced,7.21
35,8,1,7,0.125,0,3,5,0.375,0,1,5,Unannounced,2.6
36,8,4,4,0.5,0,6,2,0.75,3,4,2,Unannounced,8.8
37,8,4,4,0.5,0,4,4,0.5,2,1,1,Unannounced,6.86
38,8,1,7,0.125,0,4,4,0.5,1,0,3,Unannounced,5.01
39,8,8,0,1.0,8,4,4,0.5,0,4,0,Unannounced,8.64
40,8,4,4,0.5,1,4,4,0.5,0,2,2,Unannounced,6.86
41,8,2,6,0.25,0,3,5,0.375,1,1,4,Unannounced,4.03
42,8,6,2,0.75,2,4,4,0.5,0,3,1,Unannounced,6.47
43,8,5,3,0.625,3,5,3,0.625,1,3,1,Unannounced,8.22
44,8,3,5,0.375,0,5,3,0.625,0,3,3,Unannounced,4.69
45,8,5,3,0.625,0,7,1,0.875,2,4,0,Unannounced,8.76
46,8,3,5,0.375,1,6,2,0.75,5,3,2,Unannounced,7.99
47,8,4,4,0.5,3,4,4,0.5,1,3,3,Unannounced,8.26
48,8,3,5,0.375,3,3,5,0.375,0,1,3,Unannounced,6.91
49,8,3,5,0.375,0,4,4,0.5,1,3,4,Unannounced,4.61
50,8,1,7,0.125,0,3,5,0.375,0,1,5,Unannounced,3.53
51,8,1,7,0.125,0,3,5,0.375,0,1,5,Unannounced,3.65
52,8,2,6,0.25,0,3,5,0.375,0,2,5,Unannounced,4.42
53,8,4,4,0.5,3,4,4,0.5,0,2,2,Unannounced,8.19
54,8,6,2,0.75,5,4,4,0.5,0,3,1,Unannounced,8.1
55,8,5,3,0.625,1,3,5,0.375,0,3,3,Unannounced,6.4
56,8,4,4,0.5,4,4,4,0.5,0,2,2,Unannounced,7.56
57,8,4,4,0.5,1,5,3,0.625,1,3,2,Unannounced,6.9
58,8,4,4,0.5,0,4,4,0.5,1,2,2,Unannounced,4.88
59,8,4,4,0.5,0,4,4,0.5,2,2,2,Unannounced,6.63
60,8,6,2,0.75,0,4,4,0.5,3,3,1,Unannounced,8.72
61,8,8,0,1.0,8,6,2,0.75,0,6,0,Unannounced,9.88
62,8,6,2,0.75,3,4,4,0.5,0,3,1,Unannounced,8.1
63,7,4,3,0.5714285714285714,1,3,4,0.42857142857142855,1,3,3,Unannounced,6.85
64,8,4,4,0.5,2,5,3,0.625,2,3,2,Unannounced,7.72
65,8,1,7,0.125,0,3,5,0.375,0,1,5,Unannounced,4.35
66,8,6,2,0.75,0,6,2,0.75,1,5,1,Unannounced,6.97
67,8,4,4,0.5,0,5,3,0.625,1,4,3,Unannounced,6.74
68,8,5,3,0.625,3,4,4,0.5,1,4,3,Unannounced,8.53
69,8,3,5,0.375,2,6,2,0.75,3,3,2,Unannounced,8.69
70,8,1,7,0.125,0,2,6,0.25,0,0,5,Unannounced,3.34
71,8,1,7,0.125,0,3,5,0.375,0,1,5,Unannounced,3.65
72,8,2,6,0.25,1,2,6,0.25,0,1,5,Unannounced,4.78
73,7,3,4,0.42857142857142855,2,4,3,0.5714285714285714,3,3,3,Unannounced,7.96
74,8,3,5,0.375,0,3,5,0.375,0,3,5,Unannounced,3.14
75,8,4,4,0.5,2,7,1,0.875,3,4,1,Unannounced,9.27
76,8,4,4,0.5,0,3,5,0.375,0,2,3,Unannounced,4.46
77,8,4,4,0.5,2,5,3,0.625,1,2,1,Unannounced,7.95
78,8,6,2,0.75,6,2,6,0.25,0,2,2,Unannounced,7.41
79,8,3,5,0.375,2,4,4,0.5,2,2,3,Unannounced,7.14
80,8,5,3,0.625,2,5,3,0.625,1,2,0,Unannounced,8.22
81,8,4,4,0.5,0,3,5,0.375,0,2,3,Unannounced,4.34
82,8,6,2,0.75,1,5,3,0.625,1,5,2,Unannounced,7.44
83,8,4,4,0.5,1,2,6,0.25,0,1,3,Unannounced,5.2
84,8,5,3,0.625,3,4,4,0.5,1,3,2,Unannounced,8.53
85,8,5,3,0.625,1,6,2,0.75,1,5,2,Unannounced,8.1
86,8,7,1,0.875,2,7,1,0.875,2,7,1,Unannounced,9.14
87,8,4,4,0.5,0,4,4,0.5,0,3,3,Unannounced,7.02
88,8,6,2,0.75,5,6,2,0.75,2,4,0,Unannounced,9.5
89,8,5,3,0.625,0,3,5,0.375,1,2,2,Unannounced,7.45
90,7,6,1,0.8571428571428571,0,5,2,0.7142857142857143,0,5,1,Unannounced,7.8
91,7,0,7,0.0,0,3,4,0.42857142857142855,1,0,4,Unannounced,4.45
92,7,5,2,0.7142857142857143,0,5,2,0.7142857142857143,0,5,2,Unannounced,7.53
93,7,4,3,0.5714285714285714,2,3,4,0.42857142857142855,2,2,2,Unannounced,7.03
94,7,3,4,0.42857142857142855,0,2,5,0.2857142857142857,0,1,3,Unannounced,3.84
95,7,1,6,0.14285714285714285,0,3,4,0.42857142857142855,0,1,4,Unannounced,2.72
96,7,3,4,0.42857142857142855,0,2,5,0.2857142857142857,0,1,3,Unannounced,4.43
97,7,5,2,0.7142857142857143,4,4,3,0.5714285714285714,2,4,2,Unannounced,8.49
98,7,4,3,0.5714285714285714,3,5,2,0.7142857142857143,2,3,1,Unannounced,8.53
99,7,5,2,0.7142857142857143,4,3,4,0.42857142857142855,2,3,2,Unannounced,8.19
100,7,1,6,0.14285714285714285,0,3,4,0.42857142857142855,0,1,4,Unannounced,4.39
101,7,4,3,0.5714285714285714,0,5,2,0.7142857142857143,1,3,1,Unannounced,6.12
102,7,0,7,0.0,0,2,5,0.2857142857142857,0,0,5,Unannounced,3.15
103,7,3,4,0.42857142857142855,1,3,4,0.42857142857142855,1,1,2,Unannounced,5.99
104,7,0,7,0.0,0,1,6,0.14285714285714285,0,0,6,Unannounced,2.85
105,7,6,1,0.8571428571428571,3,4,3,0.5714285714285714,0,4,1,Unannounced,8.61
106,7,2,5,0.2857142857142857,0,2,5,0.2857142857142857,1,1,4,Unannounced,3.79
107,7,3,4,0.42857142857142855,0,2,5,0.2857142857142857,0,1,3,Unannounced,5.5
108,7,6,1,0.8571428571428571,5,3,4,0.42857142857142855,0,3,1,Unannounced,7.71
109,7,4,3,0.5714285714285714,0,4,3,0.5714285714285714,0,3,2,Unannounced,4.71
110,7,0,7,0.0,0,2,5,0.2857142857142857,0,0,5,Unannounced,3.04
111,7,5,2,0.7142857142857143,0,3,4,0.42857142857142855,2,2,1,Unannounced,7.45
112,7,1,6,0.14285714285714285,0,4,3,0.5714285714285714,0,1,3,Unannounced,4.02
113,7,5,2,0.7142857142857143,2,3,4,0.42857142857142855,0,3,2,Unannounced,6.56
114,7,3,4,0.42857142857142855,2,2,5,0.2857142857142857,1,1,3,Unannounced,5.8
115,7,5,2,0.7142857142857143,2,3,4,0.42857142857142855,0,3,2,Unannounced,6.56
116,7,4,3,0.5714285714285714,1,6,1,0.8571428571428571,5,3,0,Unannounced,8.75
117,7,1,6,0.14285714285714285,0,3,4,0.42857142857142855,1,1,4,Unannounced,3.83
118,7,6,1,0.8571428571428571,4,3,4,0.42857142857142855,0,2,0,Unannounced,7.64
119,7,4,3,0.5714285714285714,0,3,4,0.42857142857142855,0,3,3,Unannounced,5.0
120,7,1,6,0.14285714285714285,0,1,6,0.14285714285714285,0,0,5,Unannounced,4.0
121,7,1,6,0.14285714285714285,0,3,4,0.42857142857142855,1,1,4,Unannounced,5.31
122,7,1,6,0.14285714285714285,0,2,5,0.2857142857142857,0,1,5,Unannounced,3.42
123,7,7,0,1.0,7,5,2,0.7142857142857143,3,5,0,Unannounced,9.91
124,7,5,2,0.7142857142857143,3,3,4,0.42857142857142855,0,2,1,Unannounced,7.37
125,7,6,1,0.8571428571428571,2,4,3,0.5714285714285714,2,4,1,Unannounced,7.87
126,7,2,5,0.2857142857142857,0,3,4,0.42857142857142855,1,1,3,Unannounced,4.09
127,7,3,4,0.42857142857142855,0,3,4,0.42857142857142855,0,2,3,Unannounced,4.25
128,7,3,4,0.42857142857142855,0,5,2,0.7142857142857143,1,1,0,Unannounced,6.85
129,7,4,3,0.5714285714285714,0,4,3,0.5714285714285714,0,3,2,Unannounced,5.71
130,7,4,3,0.5714285714285714,3,5,2,0.7142857142857143,1,3,1,Unannounced,8.45
131,7,4,3,0.5714285714285714,0,3,4,0.42857142857142855,1,2,2,Unannounced,7.11
132,7,5,2,0.7142857142857143,1,3,4,0.42857142857142855,0,2,1,Unannounced,5.78
133,7,3,4,0.42857142857142855,1,1,6,0.14285714285714285,0,0,3,Unannounced,4.64
134,7,5,2,0.7142857142857143,5,2,5,0.2857142857142857,0,2,2,Unannounced,7.14
135,7,3,4,0.42857142857142855,0,4,3,0.5714285714285714,1,1,1,Unannounced,5.55
136,7,3,4,0.42857142857142855,0,2,5,0.2857142857142857,0,1,3,Unannounced,3.84
137,7,3,4,0.42857142857142855,0,3,4,0.42857142857142855,0,2,3,Unannounced,4.25
138,7,6,1,0.8571428571428571,0,4,3,0.5714285714285714,0,4,1,Unannounced,6.9
139,7,4,3,0.5714285714285714,1,3,4,0.42857142857142855,1,2,2,Unannounced,6.85
140,7,5,2,0.7142857142857143,0,5,2,0.7142857142857143,3,3,0,Unannounced,8.64
141,7,2,5,0.2857142857142857,1,2,5,0.2857142857142857,0,0,3,Unannounced,4.68
142,7,2,5,0.2857142857142857,0,4,3,0.5714285714285714,0,2,3,Unannounced,4.29
143,7,5,2,0.7142857142857143,3,4,3,0.5714285714285714,0,3,1,Unannounced,8.34
144,7,5,2,0.7142857142857143,2,4,3,0.5714285714285714,1,3,1,Unannounced,6.93
145,7,4,3,0.5714285714285714,1,4,3,0.5714285714285714,1,3,2,Unannounced,7.15
146,7,6,1,0.8571428571428571,5,4,3,0.5714285714285714,3,4,1,Unannounced,9.35
147,7,3,4,0.42857142857142855,0,3,4,0.42857142857142855,0,2,3,Unannounced,4.92
148,7,3,4,0.42857142857142855,0,4,3,0.5714285714285714,0,2,2,Unannounced,5.44
149,7,4,3,0.5714285714285714,2,3,4,0.42857142857142855,2,2,2,Unannounced,7.03
150,7,6,1,0.8571428571428571,0,4,3,0.5714285714285714,1,3,0,Unannounced,7.35
151,7,2,5,0.2857142857142857,0,4,3,0.5714285714285714,3,1,2,Unannounced,6.95
152,7,3,4,0.42857142857142855,0,5,2,0.7142857142857143,1,2,1,Unannounced,6.45
153,7,3,4,0.42857142857142855,0,4,3,0.5714285714285714,1,1,1,Unannounced,5.55
154,7,5,2,0.7142857142857143,4,3,4,0.42857142857142855,2,3,2,Unannounced,8.19
155,7,5,2,0.7142857142857143,4,2,5,0.2857142857142857,0,2,2,Unannounced,7.14
156,7,6,1,0.8571428571428571,1,5,2,0.7142857142857143,1,5,1,Unannounced,7.98
157,7,2,5,0.2857142857142857,0,3,4,0.42857142857142855,0,0,2,Unannounced,4.87
158,7,3,4,0.42857142857142855,1,3,4,0.42857142857142855,0,2,3,Unannounced,4.36
159,7,4,3,0.5714285714285714,0,5,2,0.7142857142857143,4,3,1,Unannounced,7.79
160,7,3,4,0.42857142857142855,0,3,4,0.42857142857142855,1,1,2,Unannounced,5.25
161,7,3,4,0.42857142857142855,1,4,3,0.5714285714285714,3,2,2,Unannounced,7.88
162,7,3,4,0.42857142857142855,1,7,0,1.0,7,3,0,Unannounced,8.79
163,7,6,1,0.8571428571428571,3,6,1,0.8571428571428571,3,6,1,Unannounced,9.95
164,7,1,6,0.14285714285714285,0,3,4,0.42857142857142855,0,0,3,Unannounced,3.61
165,7,5,2,0.7142857142857143,0,5,2,0.7142857142857143,0,4,1,Unannounced,6.87
166,7,6,1,0.8571428571428571,4,4,3,0.5714285714285714,1,3,0,Unannounced,8.09
167,7,4,3,0.5714285714285714,2,2,5,0.2857142857142857,0,1,2,Unannounced,6.21
168,7,5,2,0.7142857142857143,1,3,4,0.42857142857142855,1,3,2,Unannounced,5.63
169,7,5,2,0.7142857142857143,0,5,2,0.7142857142857143,0,5,2,Unannounced,7.53
170,7,2,5,0.2857142857142857,0,3,4,0.42857142857142855,0,2,4,Unannounced,3.98
171,7,5,2,0.7142857142857143,4,4,3,0.5714285714285714,2,4,2,Unannounced,8.49
172,7,6,1,0.8571428571428571,2,6,1,0.8571428571428571,3,5,0,Unannounced,9.36
173,7,3,4,0.42857142857142855,0,3,4,0.42857142857142855,0,1,2,Unannounced,5.14
174,7,4,3,0.5714285714285714,0,3,4,0.42857142857142855,0,2,2,Unannounced,5.4
175,7,3,4,0.42857142857142855,2,5,2,0.7142857142857143,0,2,1,Unannounced,7.52
176,7,1,6,0.14285714285714285,0,4,3,0.5714285714285714,1,1,3,Unannounced,5.61
177,7,0,7,0.0,0,3,4,0.42857142857142855,0,0,4,Unannounced,4.34
178,7,2,5,0.2857142857142857,0,2,5,0.2857142857142857,0,2,5,Unannounced,2.68
179,7,4,3,0.5714285714285714,1,3,4,0.42857142857142855,1,3,3,Unannounced,5.37
180,7,5,2,0.7142857142857143,0,3,4,0.42857142857142855,0,3,2,Unannounced,6.26
181,7,5,2,0.7142857142857143,2,2,5,0.2857142857142857,1,2,2,Unannounced,6.33
182,7,2,5,0.2857142857142857,0,2,5,0.2857142857142857,0,2,5,Unannounced,4.16
183,7,5,2,0.7142857142857143,0,2,5,0.2857142857142857,0,2,2,Unannounced,6.03
184,7,3,4,0.42857142857142855,0,4,3,0.5714285714285714,0,2,2,Unannounced,6.7
185,7,2,5,0.2857142857142857,2,6,1,0.8571428571428571,2,2,1,Unannounced,7.41
186,7,5,2,0.7142857142857143,2,3,4,0.42857142857142855,1,2,1,Unannounced,6.63
187,7,5,2,0.7142857142857143,5,3,4,0.42857142857142855,3,3,2,Unannounced,8.78
188,7,3,4,0.42857142857142855,0,4,3,0.5714285714285714,0,2,2,Unannounced,6.11
189,7,1,6,0.14285714285714285,0,3,4,0.42857142857142855,0,1,4,Unannounced,5.27
190,7,2,5,0.2857142857142857,0,3,4,0.42857142857142855,0,1,3,Unannounced,3.87
191,7,3,4,0.42857142857142855,0,3,4,0.42857142857142855,0,1,2,Unannounced,4.14
192,7,1,6,0.14285714285714285,0,1,6,0.14285714285714285,0,0,5,Unannounced,3.0
193,7,4,3,0.5714285714285714,3,2,5,0.2857142857142857,0,1,2,Unannounced,6.88
194,7,4,3,0.5714285714285714,2,5,2,0.7142857142857143,2,3,1,Unannounced,7.64
195,7,1,6,0.14285714285714285,0,3,4,0.42857142857142855,0,0,3,Unannounced,3.61
196,7,6,1,0.8571428571428571,3,3,4,0.42857142857142855,1,3,1,Unannounced,7.78
197,7,0,7,0.0,0,4,3,0.5714285714285714,0,0,3,Unannounced,3.65
198,7,1,6,0.14285714285714285,0,2,5,0.2857142857142857,0,1,5,Unannounced,4.08
199,7,6,1,0.8571428571428571,6,4,3,0.5714285714285714,1,4,1,Unannounced,8.68
200,7,7,0,1.0,7,4,3,0.5714285714285714,1,4,0,Unannounced,8.35
201,7,3,4,0.42857142857142855,0,4,3,0.5714285714285714,0,2,2,Unannounced,5.44
202,7,6,1,0.8571428571428571,5,4,3,0.5714285714285714,0,3,0,Unannounced,7.94
203,7,7,0,1.0,7,5,2,0.7142857142857143,2,5,0,Unannounced,9.32
204,7,1,6,0.14285714285714285,1,3,4,0.42857142857142855,2,1,4,Unannounced,5.57
205,7,2,5,0.2857142857142857,1,4,3,0.5714285714285714,1,1,2,Unannounced,6.03
206,6,1,5,0.16666666666666666,0,1,5,0.16666666666666666,0,0,4,Unannounced,3.19
207,6,2,4,0.3333333333333333,1,2,4,0.3333333333333333,1,1,3,Unannounced,5.4
208,6,4,2,0.6666666666666666,2,4,2,0.6666666666666666,2,4,2,Unannounced,7.25
209,6,1,5,0.16666666666666666,0,1,5,0.16666666666666666,0,1,5,Unannounced,2.24
210,6,5,1,0.8333333333333334,0,5,1,0.8333333333333334,2,4,0,Unannounced,7.95
211,6,4,2,0.6666666666666666,0,2,4,0.3333333333333333,0,2,2,Unannounced,6.31
212,6,0,6,0.0,0,2,4,0.3333333333333333,0,0,4,Unannounced,2.27
213,6,3,3,0.5,1,4,2,0.6666666666666666,3,2,1,Unannounced,7.77
214,6,4,2,0.6666666666666666,1,3,3,0.5,1,2,1,Unannounced,6.22
215,6,1,5,0.16666666666666666,0,3,3,0.5,0,0,2,Unannounced,4.62
216,6,2,4,0.3333333333333333,0,1,5,0.16666666666666666,0,1,4,Unannounced,3.34
217,6,4,2,0.6666666666666666,1,2,4,0.3333333333333333,1,2,2,Unannounced,5.92
218,6,3,3,0.5,0,2,4,0.3333333333333333,0,1,2,Unannounced,3.9
219,6,4,2,0.6666666666666666,1,5,1,0.8333333333333334,0,3,0,Unannounced,7.62
220,6,3,3,0.5,1,2,4,0.3333333333333333,0,2,3,Unannounced,4.11
221,6,4,2,0.6666666666666666,2,3,3,0.5,1,2,1,Unannounced,7.17
222,6,4,2,0.6666666666666666,3,4,2,0.6666666666666666,1,3,1,Unannounced,8.03
223,6,4,2,0.6666666666666666,1,3,3,0.5,2,2,1,Unannounced,7.17
224,6,0,6,0.0,0,4,2,0.6666666666666666,3,0,2,Unannounced,5.72
225,6,4,2,0.6666666666666666,0,4,2,0.6666666666666666,2,2,0,Unannounced,7.39
226,6,2,4,0.3333333333333333,0,3,3,0.5,0,2,3,Unannounced,3.94
227,6,2,4,0.3333333333333333,0,2,4,0.3333333333333333,0,2,4,Unannounced,2.79
228,6,4,2,0.6666666666666666,1,3,3,0.5,0,2,1,Unannounced,6.08
229,6,1,5,0.16666666666666666,0,2,4,0.3333333333333333,0,1,4,Unannounced,3.38
230,6,4,2,0.6666666666666666,4,3,3,0.5,3,3,2,Unannounced,8.36
231,6,6,0,1.0,6,6,0,1.0,6,6,0,Unannounced,9.77
232,6,5,1,0.8333333333333334,2,3,3,0.5,1,3,1,Unannounced,6.58
233,6,1,5,0.16666666666666666,0,3,3,0.5,1,0,2,Unannounced,4.73
234,6,6,0,1.0,6,5,1,0.8333333333333334,4,5,0,Unannounced,9.48
235,6,5,1,0.8333333333333334,4,3,3,0.5,1,3,1,Unannounced,7.43
236,6,2,4,0.3333333333333333,0,3,3,0.5,0,1,2,Unannounced,5.45
237,6,1,5,0.16666666666666666,0,3,3,0.5,2,0,2,Unannounced,4.84
238,6,3,3,0.5,0,2,4,0.3333333333333333,1,1,2,Unannounced,5.91
239,6,3,3,0.5,2,5,1,0.8333333333333334,4,3,1,Unannounced,8.13
240,6,5,1,0.8333333333333334,5,4,2,0.6666666666666666,0,4,1,Unannounced,8.22
241,6,4,2,0.6666666666666666,2,0,6,0.0,0,0,2,Unannounced,4.73
242,6,5,1,0.8333333333333334,3,4,2,0.6666666666666666,0,3,0,Unannounced,7.65
243,6,4,2,0.6666666666666666,1,4,2,0.6666666666666666,1,3,1,Unannounced,6.51
244,6,2,4,0.3333333333333333,1,3,3,0.5,1,2,3,Unannounced,4.85
245,6,4,2,0.6666666666666666,2,4,2,0.6666666666666666,2,4,2,Unannounced,7.25
246,6,5,1,0.8333333333333334,5,4,2,0.6666666666666666,2,4,1,Unannounced,8.36
247,6,3,3,0.5,0,3,3,0.5,2,2,2,Unannounced,5.99
248,6,2,4,0.3333333333333333,0,3,3,0.5,2,1,2,Unannounced,6.57
249,6,3,3,0.5,1,3,3,0.5,1,2,2,Unannounced,5.11
250,6,3,3,0.5,0,3,3,0.5,0,1,1,Unannounced,5.15
251,6,1,5,0.16666666666666666,1,2,4,0.3333333333333333,0,0,3,Unannounced,4.54
252,6,2,4,0.3333333333333333,0,4,2,0.6666666666666666,1,2,2,Unannounced,5.85
253,6,3,3,0.5,0,3,3,0.5,1,1,1,Unannounced,5.36
254,6,1,5,0.16666666666666666,0,3,3,0.5,1,0,2,Unannounced,4.73
255,6,2,4,0.3333333333333333,0,5,1,0.8333333333333334,1,2,1,Unannounced,5.58
256,6,3,3,0.5,0,2,4,0.3333333333333333,0,2,3,Unannounced,4.46
257,6,3,3,0.5,0,4,2,0.6666666666666666,2,1,0,Unannounced,7.13
258,6,0,6,0.0,0,1,5,0.16666666666666666,0,0,5,Unannounced,2.82
259,6,5,1,0.8333333333333334,5,4,2,0.6666666666666666,0,3,0,Unannounced,7.65
260,6,2,4,0.3333333333333333,0,4,2,0.6666666666666666,1,2,2,Unannounced,5.29
261,6,6,0,1.0,6,4,2,0.6666666666666666,3,4,0,Unannounced,9.18
262,6,1,5,0.16666666666666666,0,2,4,0.3333333333333333,1,1,4,Unannounced,5.0
263,6,2,4,0.3333333333333333,0,2,4,0.3333333333333333,0,1,3,Unannounced,3.64
264,6,1,5,0.16666666666666666,0,3,3,0.5,1,1,3,Unannounced,5.29
265,6,5,1,0.8333333333333334,4,4,2,0.6666666666666666,0,4,1,Unannounced,8.22
266,6,4,2,0.6666666666666666,2,2,4,0.3333333333333333,1,2,2,Unannounced,6.03
267,6,4,2,0.6666666666666666,0,5,1,0.8333333333333334,2,3,0,Unannounced,7.69
268,6,3,3,0.5,1,4,2,0.6666666666666666,1,2,1,Unannounced,6.25
269,6,4,2,0.6666666666666666,2,2,4,0.3333333333333333,0,0,0,Unannounced,6.17
270,6,5,1,0.8333333333333334,3,2,4,0.3333333333333333,0,2,1,Unannounced,6.99
271,6,6,0,1.0,6,4,2,0.6666666666666666,4,4,0,Unannounced,9.18
272,6,3,3,0.5,0,3,3,0.5,0,3,3,Unannounced,4.76
273,6,6,0,1.0,6,4,2,0.6666666666666666,0,4,0,Unannounced,7.84
274,6,4,2,0.6666666666666666,3,3,3,0.5,0,2,1,Unannounced,7.66
275,6,5,1,0.8333333333333334,5,4,2,0.6666666666666666,4,4,1,Unannounced,8.92
276,6,6,0,1.0,6,4,2,0.6666666666666666,0,4,0,Unannounced,8.48
277,6,5,1,0.8333333333333334,0,4,2,0.6666666666666666,2,3,0,Unannounced,7.65
278,6,6,0,1.0,6,3,3,0.5,0,3,0,Unannounced,8.18
279,6,2,4,0.3333333333333333,0,3,3,0.5,0,2,3,Unannounced,4.04
280,6,0,6,0.0,0,0,6,0.0,0,0,6,Unannounced,1.68
281,6,3,3,0.5,0,2,4,0.3333333333333333,0,1,2,Unannounced,4.01
282,6,1,5,0.16666666666666666,0,3,3,0.5,2,1,3,Unannounced,5.47
283,6,2,4,0.3333333333333333,0,2,4,0.3333333333333333,0,1,3,Unannounced,3.74
284,6,2,4,0.3333333333333333,0,4,2,0.6666666666666666,0,2,2,Unannounced,4.97
285,6,4,2,0.6666666666666666,0,4,2,0.6666666666666666,0,4,2,Unannounced,5.49
286,6,1,5,0.16666666666666666,0,3,3,0.5,0,1,3,Unannounced,5.19
287,6,3,3,0.5,1,2,4,0.3333333333333333,0,1,2,Unannounced,4.96
288,6,1,5,0.16666666666666666,0,3,3,0.5,0,1,3,Unannounced,3.78
289,6,3,3,0.5,1,1,5,0.16666666666666666,0,1,3,Unannounced,3.81
290,6,2,4,0.3333333333333333,1,1,5,0.16666666666666666,0,0,3,Unannounced,4.4
291,6,4,2,0.6666666666666666,1,2,4,0.3333333333333333,0,2,2,Unannounced,4.37
292,6,1,5,0.16666666666666666,1,2,4,0.3333333333333333,2,1,4,Unannounced,5.24
293,6,5,1,0.8333333333333334,3,3,3,0.5,0,3,1,Unannounced,7.29
294,6,5,1,0.8333333333333334,5,5,1,0.8333333333333334,3,4,0,Unannounced,9.22
295,6,1,5,0.16666666666666666,0,3,3,0.5,2,1,3,Unannounced,5.47
296,6,3,3,0.5,2,3,3,0.5,0,2,2,Unannounced,6.84
297,6,2,4,0.3333333333333333,0,4,2,0.6666666666666666,4,2,2,Unannounced,7.43
298,6,4,2,0.6666666666666666,3,2,4,0.3333333333333333,0,2,2,Unannounced,6.8
299,6,3,3,0.5,2,3,3,0.5,1,2,2,Unannounced,6.91
300,6,1,5,0.16666666666666666,0,2,4,0.3333333333333333,0,1,4,Unannounced,3.38
301,6,3,3,0.5,0,3,3,0.5,1,1,1,Unannounced,5.81
302,6,4,2,0.6666666666666666,2,4,2,0.6666666666666666,3,3,1,Unannounced,8.1
303,6,2,4,0.3333333333333333,0,4,2,0.6666666666666666,4,1,1,Unannounced,6.8
304,6,2,4,0.3333333333333333,0,3,3,0.5,1,1,2,Unannounced,4.99
305,6,1,5,0.16666666666666666,0,2,4,0.3333333333333333,2,1,4,Unannounced,5.17
306,6,3,3,0.5,1,3,3,0.5,0,2,2,Unannounced,4.41
307,6,4,2,0.6666666666666666,0,3,3,0.5,0,3,2,Unannounced,6.6
308,6,4,2,0.6666666666666666,2,4,2,0.6666666666666666,0,3,1,Unannounced,6.55
309,6,2,4,0.3333333333333333,1,3,3,0.5,1,2,3,Unannounced,6.26
310,6,5,1,0.8333333333333334,2,4,2,0.6666666666666666,2,4,1,Unannounced,7.51
311,6,3,3,0.5,0,2,4,0.3333333333333333,0,2,3,Unannounced,6.05
312,6,5,1,0.8333333333333334,0,3,3,0.5,0,3,1,Unannounced,6.3
313,6,6,0,1.0,6,3,3,0.5,0,3,0,Unannounced,7.55
314,6,1,5,0.16666666666666666,0,2,4,0.3333333333333333,0,1,4,Unannounced,3.38
315,6,4,2,0.6666666666666666,2,3,3,0.5,0,2,1,Unannounced,6.25
316,6,1,5,0.16666666666666666,0,2,4,0.3333333333333333,0,1,4,Unannounced,4.12
317,6,2,4,0.3333333333333333,0,3,3,0.5,0,2,3,Unannounced,4.67
318,6,2,4,0.3333333333333333,1,3,3,0.5,2,2,3,Unannounced,5.8
319,6,2,4,0.3333333333333333,0,2,4,0.3333333333333333,0,1,3,Unannounced,3.74
320,6,0,6,0.0,0,4,2,0.6666666666666666,2,0,2,Unannounced,4.87
321,6,4,2,0.6666666666666666,1,6,0,1.0,6,4,0,Unannounced,8.62
322,6,3,3,0.5,1,3,3,0.5,2,2,2,Unannounced,6.06
323,6,3,3,0.5,1,3,3,0.5,0,2,2,Unannounced,6.76
324,6,3,3,0.5,2,4,2,0.6666666666666666,3,3,2,Unannounced,7.84
325,6,5,1,0.8333333333333334,4,4,2,0.6666666666666666,1,3,0,Unannounced,8.29
326,6,2,4,0.3333333333333333,1,2,4,0.3333333333333333,1,1,3,Unannounced,5.4
327,6,4,2,0.6666666666666666,3,2,4,0.3333333333333333,1,2,2,Unannounced,6.87
328,6,3,3,0.5,0,2,4,0.3333333333333333,0,2,3,Unannounced,4.46
329,6,5,1,0.8333333333333334,2,2,4,0.3333333333333333,0,2,1,Unannounced,6.22
330,6,6,0,1.0,6,3,3,0.5,0,3,0,Unannounced,8.18
331,6,3,3,0.5,0,4,2,0.6666666666666666,0,2,1,Unannounced,5.44
332,6,2,4,0.3333333333333333,0,2,4,0.3333333333333333,0,0,2,Unannounced,4.59
333,6,1,5,0.16666666666666666,0,2,4,0.3333333333333333,0,1,4,Unannounced,3.48
334,6,3,3,0.5,1,4,2,0.6666666666666666,1,3,2,Unannounced,6.82
335,6,3,3,0.5,0,4,2,0.6666666666666666,1,2,1,Unannounced,6.11
336,6,2,4,0.3333333333333333,2,2,4,0.3333333333333333,1,1,3,Unannounced,6.35
337,6,4,2,0.6666666666666666,0,4,2,0.6666666666666666,2,2,0,Unannounced,6.76
338,6,3,3,0.5,3,3,3,0.5,0,1,1,Unannounced,6.76
339,6,5,1,0.8333333333333334,1,5,1,0.8333333333333334,5,4,0,Unannounced,8.58
340,6,4,2,0.6666666666666666,4,2,4,0.3333333333333333,1,2,2,Unannounced,6.87
341,6,0,6,0.0,0,5,1,0.8333333333333334,0,0,1,Unannounced,4.96
342,6,2,4,0.3333333333333333,1,3,3,0.5,1,2,3,Unannounced,4.85
343,6,0,6,0.0,0,4,2,0.6666666666666666,2,0,2,Unannounced,4.87
344,6,1,5,0.16666666666666666,0,1,5,0.16666666666666666,0,1,5,Unannounced,3.82
345,6,3,3,0.5,1,3,3,0.5,1,2,2,Unannounced,6.52
346,6,3,3,0.5,1,3,3,0.5,1,3,3,Unannounced,5.11
347,6,5,1,0.8333333333333334,1,3,3,0.5,1,3,1,Unannounced,6.48
348,6,4,2,0.6666666666666666,3,3,3,0.5,0,3,2,Unannounced,7.66
349,6,2,4,0.3333333333333333,1,4,2,0.6666666666666666,3,2,2,Unannounced,6.94
350,6,5,1,0.8333333333333334,0,4,2,0.6666666666666666,0,4,1,Unannounced,7.16
351,6,2,4,0.3333333333333333,1,4,2,0.6666666666666666,0,1,1,Unannounced,6.24
352,6,3,3,0.5,2,3,3,0.5,0,1,1,Unannounced,5.99
353,6,1,5,0.16666666666666666,0,2,4,0.3333333333333333,0,1,4,Unannounced,3.38
354,6,5,1,0.8333333333333334,5,4,2,0.6666666666666666,1,4,1,Unannounced,8.29
355,6,1,5,0.16666666666666666,0,3,3,0.5,0,1,3,Unannounced,4.62
356,6,6,0,1.0,6,4,2,0.6666666666666666,0,4,0,Unannounced,7.91
357,6,3,3,0.5,1,2,4,0.3333333333333333,1,2,3,Unannounced,4.81
358,6,3,3,0.5,0,5,1,0.8333333333333334,3,2,0,Unannounced,7.36
359,6,6,0,1.0,6,3,3,0.5,2,3,0,Unannounced,8.32
360,6,0,6,0.0,0,3,3,0.5,1,0,3,Unannounced,4.47
361,6,3,3,0.5,0,3,3,0.5,0,2,2,Unannounced,5.78
362,6,2,4,0.3333333333333333,0,2,4,0.3333333333333333,2,0,2,Unannounced,5.64
363,6,4,2,0.6666666666666666,3,3,3,0.5,3,3,2,Unannounced,8.36
364,6,3,3,0.5,0,4,2,0.6666666666666666,1,3,2,Unannounced,4.7
365,6,5,1,0.8333333333333334,5,4,2,0.6666666666666666,2,4,1,Unannounced,8.36
366,5,4,1,0.8,3,3,2,0.6,2,3,1,Unannounced,7.24
367,5,3,2,0.6,2,2,3,0.4,1,2,2,Unannounced,5.4
368,5,1,4,0.2,0,1,4,0.2,0,1,4,Unannounced,3.48
369,5,2,3,0.4,0,1,4,0.2,0,1,3,Unannounced,3.31
370,5,1,4,0.2,0,3,2,0.6,1,1,2,Unannounced,4.47
371,5,3,2,0.6,2,2,3,0.4,1,2,2,Unannounced,5.4
372,5,2,3,0.4,0,3,2,0.6,0,2,2,Unannounced,4.43
373,5,2,3,0.4,0,2,3,0.4,1,1,2,Unannounced,4.94
374,5,1,4,0.2,0,4,1,0.8,3,1,1,Unannounced,6.1
375,5,4,1,0.8,4,2,3,0.4,0,2,1,Unannounced,6.34
376,5,2,3,0.4,1,1,4,0.2,0,1,3,Unannounced,4.67
377,5,2,3,0.4,0,3,2,0.6,1,2,2,Unannounced,3.96
378,5,0,5,0.0,0,1,4,0.2,0,0,4,Unannounced,2.83
379,5,4,1,0.8,2,2,3,0.4,0,1,0,Unannounced,5.77
380,5,5,0,1.0,5,3,2,0.6,1,3,0,Unannounced,7.42
381,5,0,5,0.0,0,1,4,0.2,0,0,4,Unannounced,2.73
382,5,0,5,0.0,0,1,4,0.2,0,0,4,Unannounced,2.73
383,5,2,3,0.4,1,3,2,0.6,1,2,2,Unannounced,5.84
384,5,3,2,0.6,0,2,3,0.4,0,1,1,Unannounced,4.58
385,5,2,3,0.4,0,1,4,0.2,0,1,3,Unannounced,3.31
386,5,3,2,0.6,2,2,3,0.4,0,1,1,Unannounced,4.77
387,5,0,5,0.0,0,2,3,0.4,1,0,3,Unannounced,3.95
388,5,1,4,0.2,0,1,4,0.2,0,0,3,Unannounced,2.98
389,5,2,3,0.4,0,3,2,0.6,0,1,1,Unannounced,5.18
390,5,3,2,0.6,1,3,2,0.6,1,3,2,Unannounced,6.09
391,5,3,2,0.6,0,2,3,0.4,0,2,2,Unannounced,5.65
392,5,2,3,0.4,0,2,3,0.4,0,2,3,Unannounced,2.74
393,5,5,0,1.0,5,2,3,0.4,0,2,0,Unannounced,6.52
394,5,4,1,0.8,2,4,1,0.8,2,4,1,Unannounced,6.76
395,5,3,2,0.6,0,3,2,0.6,3,1,0,Unannounced,6.31
396,5,3,2,0.6,3,2,3,0.4,1,1,1,Unannounced,6.16
397,5,5,0,1.0,5,4,1,0.8,1,4,0,Unannounced,7.69
398,5,2,3,0.4,0,2,3,0.4,0,2,3,Unannounced,4.0
399,5,2,3,0.4,2,2,3,0.4,2,2,3,Unannounced,5.73
400,5,1,4,0.2,0,4,1,0.8,2,1,1,Unannounced,4.84
401,5,5,0,1.0,5,4,1,0.8,3,4,0,Unannounced,8.26
402,5,4,1,0.8,1,3,2,0.6,1,3,1,Unannounced,5.82
403,5,5,0,1.0,5,3,2,0.6,0,3,0,Unannounced,6.85
404,5,1,4,0.2,0,2,3,0.4,0,1,3,Unannounced,3.25
405,5,0,5,0.0,0,1,4,0.2,0,0,4,Unannounced,2.73
406,5,2,3,0.4,1,2,3,0.4,1,2,3,Unannounced,4.31
407,5,4,1,0.8,0,4,1,0.8,3,3,0,Unannounced,7.39
408,5,1,4,0.2,0,1,4,0.2,0,0,3,Unannounced,2.22
409,5,2,3,0.4,0,3,2,0.6,1,1,1,Unannounced,4.81
410,5,2,3,0.4,0,2,3,0.4,0,1,2,Unannounced,4.91
411,5,1,4,0.2,0,1,4,0.2,0,0,3,Unannounced,2.22
412,5,5,0,1.0,5,3,2,0.6,0,3,0,Unannounced,7.36
413,5,0,5,0.0,0,1,4,0.2,0,0,4,Unannounced,2.73
414,5,3,2,0.6,0,3,2,0.6,0,3,2,Unannounced,5.93
415,5,1,4,0.2,0,3,2,0.6,2,1,2,Unannounced,5.13
416,5,3,2,0.6,1,3,2,0.6,2,1,0,Unannounced,6.43
417,5,5,0,1.0,5,4,1,0.8,0,4,0,Unannounced,7.63
418,5,3,2,0.6,2,1,4,0.2,0,1,2,Unannounced,5.07
419,5,3,2,0.6,1,3,2,0.6,1,3,2,Unannounced,6.09
420,5,2,3,0.4,0,3,2,0.6,1,1,1,Unannounced,4.71
421,5,3,2,0.6,3,3,2,0.6,2,2,1,Unannounced,7.0
422,5,2,3,0.4,1,2,3,0.4,0,1,2,Unannounced,4.53
423,5,2,3,0.4,1,1,4,0.2,0,0,2,Unannounced,4.16
424,5,2,3,0.4,0,4,1,0.8,2,1,0,Unannounced,5.84
425,5,4,1,0.8,0,3,2,0.6,0,3,1,Unannounced,5.6
426,5,1,4,0.2,0,1,4,0.2,0,1,4,Unannounced,2.22
427,5,4,1,0.8,1,3,2,0.6,3,2,0,Unannounced,7.18
428,5,2,3,0.4,0,2,3,0.4,0,1,2,Unannounced,3.49
429,5,4,1,0.8,4,2,3,0.4,0,2,1,Unannounced,6.84
430,5,4,1,0.8,2,4,1,0.8,3,3,0,Unannounced,7.52
431,5,1,4,0.2,0,1,4,0.2,0,0,3,Unannounced,3.07
432,5,1,4,0.2,0,4,1,0.8,2,1,1,Unannounced,5.4
433,5,0,5,0.0,0,2,3,0.4,1,0,3,Unannounced,3.2
434,5,0,5,0.0,0,2,3,0.4,0,0,3,Unannounced,3.01
435,5,2,3,0.4,0,4,1,0.8,3,2,1,Unannounced,6.91
436,5,2,3,0.4,0,3,2,0.6,0,1,1,Unannounced,5.12
437,5,1,4,0.2,0,2,3,0.4,1,1,3,Unannounced,3.44
438,5,3,2,0.6,1,3,2,0.6,2,1,0,Unannounced,6.43
439,5,3,2,0.6,1,2,3,0.4,1,2,2,Unannounced,4.55
440,5,3,2,0.6,2,1,4,0.2,1,1,2,Unannounced,5.13
441,5,1,4,0.2,0,1,4,0.2,0,0,3,Unannounced,2.22
442,5,2,3,0.4,0,2,3,0.4,1,1,2,Unannounced,3.68
443,5,4,1,0.8,3,2,3,0.4,0,1,0,Unannounced,6.27
444,5,4,1,0.8,0,3,2,0.6,0,3,1,Unannounced,5.67
445,5,0,5,0.0,0,1,4,0.2,0,0,4,Unannounced,2.73
446,5,3,2,0.6,2,5,0,1.0,5,3,0,Unannounced,7.55
447,5,5,0,1.0,5,3,2,0.6,0,3,0,Unannounced,6.85
448,5,2,3,0.4,0,3,2,0.6,1,1,1,Unannounced,5.22
449,5,2,3,0.4,1,2,3,0.4,0,0,1,Unannounced,4.44
450,5,3,2,0.6,1,2,3,0.4,0,2,2,Unannounced,5.18
451,5,4,1,0.8,3,3,2,0.6,0,3,1,Unannounced,7.12
452,5,0,5,0.0,0,2,3,0.4,1,0,3,Unannounced,3.2
453,5,2,3,0.4,0,2,3,0.4,1,0,1,Unannounced,5.29
454,5,3,2,0.6,1,1,4,0.2,0,1,2,Unannounced,4.4
455,5,5,0,1.0,5,3,2,0.6,0,3,0,Unannounced,7.36
456,5,2,3,0.4,1,3,2,0.6,0,0,0,Unannounced,5.56
457,5,3,2,0.6,2,3,2,0.6,2,3,2,Unannounced,6.24
458,5,0,5,0.0,0,1,4,0.2,0,0,4,Unannounced,2.83
459,5,4,1,0.8,1,3,2,0.6,1,3,1,Unannounced,6.33
460,5,5,0,1.0,5,4,1,0.8,1,4,0,Unannounced,7.69
461,5,2,3,0.4,0,2,3,0.4,1,0,1,Unannounced,4.44
462,5,2,3,0.4,1,1,4,0.2,0,1,3,Unannounced,4.67
463,5,2,3,0.4,0,3,2,0.6,1,1,1,Unannounced,4.71
464,5,3,2,0.6,0,2,3,0.4,0,2,2,Unannounced,5.09
465,5,4,1,0.8,4,1,4,0.2,0,1,1,Unannounced,5.5
466,5,5,0,1.0,5,3,2,0.6,0,3,0,Unannounced,6.85
467,5,4,1,0.8,2,3,2,0.6,0,2,0,Unannounced,6.61
468,5,3,2,0.6,3,2,3,0.4,0,1,1,Unannounced,6.03
469,5,0,5,0.0,0,2,3,0.4,0,0,3,Unannounced,3.86
470,5,3,2,0.6,3,2,3,0.4,1,2,2,Unannounced,6.66
471,5,1,4,0.2,0,3,2,0.6,0,0,1,Unannounced,4.38
472,5,2,3,0.4,2,2,3,0.4,2,2,3,Unannounced,5.73
473,5,1,4,0.2,0,3,2,0.6,0,1,2,Unannounced,3.62
474,5,4,1,0.8,2,3,2,0.6,1,2,0,Unannounced,6.67
475,5,4,1,0.8,4,2,3,0.4,1,2,1,Unannounced,6.4
476,5,2,3,0.4,0,1,4,0.2,0,1,3,Unannounced,2.46
477,5,2,3,0.4,1,2,3,0.4,1,1,2,Unannounced,5.07
478,5,4,1,0.8,4,3,2,0.6,1,2,0,Unannounced,6.67
479,5,5,0,1.0,5,4,1,0.8,0,4,0,Unannounced,7.63
480,5,0,5,0.0,0,1,4,0.2,1,0,4,Unannounced,2.92
481,5,2,3,0.4,0,4,1,0.8,3,1,0,Unannounced,6.34
482,5,3,2,0.6,0,4,1,0.8,3,3,1,Unannounced,7.15
483,5,3,2,0.6,1,2,3,0.4,2,1,1,Unannounced,6.16
484,5,3,2,0.6,0,3,2,0.6,0,3,2,Unannounced,5.93
485,5,0,5,0.0,0,3,2,0.6,0,0,2,Unannounced,4.13
486,5,3,2,0.6,0,2,3,0.4,0,1,1,Unannounced,4.58
487,5,4,1,0.8,0,5,0,1.0,5,4,0,Unannounced,7.66
488,5,2,3,0.4,0,4,1,0.8,0,2,1,Unannounced,5.46
489,5,0,5,0.0,0,3,2,0.6,1,0,2,Unannounced,4.23
490,5,3,2,0.6,3,1,4,0.2,0,1,2,Unannounced,5.82
491,5,4,1,0.8,2,3,2,0.6,0,2,0,Unannounced,6.61
492,5,1,4,0.2,0,2,3,0.4,0,1,3,Unannounced,3.35
493,5,1,4,0.2,1,1,4,0.2,0,0,3,Unannounced,3.17
494,5,2,3,0.4,0,3,2,0.6,1,1,1,Unannounced,4.71
495,5,3,2,0.6,0,2,3,0.4,0,2,2,Unannounced,4.4
496,5,3,2,0.6,0,2,3,0.4,1,1,1,Unannounced,5.53
497,5,3,2,0.6,0,3,2,0.6,2,1,0,Unannounced,6.37
498,5,4,1,0.8,3,3,2,0.6,0,3,1,Unannounced,7.12
499,5,0,5,0.0,0,2,3,0.4,0,0,3,Unannounced,3.86
500,5,3,2,0.6,2,3,2,0.6,2,2,1,Unannounced,6.24
501,5,2,3,0.4,1,1,4,0.2,1,1,3,Unannounced,4.04
502,5,3,2,0.6,1,3,2,0.6,3,2,1,Unannounced,6.94
503,5,4,1,0.8,2,4,1,0.8,2,4,1,Unannounced,6.76
504,5,3,2,0.6,0,3,2,0.6,2,2,1,Unannounced,5.61
505,5,3,2,0.6,0,4,1,0.8,1,2,0,Unannounced,6.58
506,5,1,4,0.2,0,2,3,0.4,0,1,3,Unannounced,3.91
507,5,2,3,0.4,0,3,2,0.6,0,2,2,Unannounced,5.18
508,5,0,5,0.0,0,1,4,0.2,1,0,4,Unannounced,2.92
509,5,2,3,0.4,1,3,2,0.6,1,1,1,Unannounced,5.34
510,5,4,1,0.8,0,2,3,0.4,0,2,1,Unannounced,5.9
511,5,3,2,0.6,2,3,2,0.6,2,3,2,Unannounced,6.24
512,5,3,2,0.6,1,2,3,0.4,1,1,1,Unannounced,5.31
513,5,2,3,0.4,1,4,1,0.8,1,2,1,Unannounced,5.62
514,5,4,1,0.8,0,2,3,0.4,2,1,0,Unannounced,6.34
515,5,2,3,0.4,0,2,3,0.4,0,1,2,Unannounced,4.15
516,5,4,1,0.8,0,2,3,0.4,0,2,1,Unannounced,5.39
517,5,2,3,0.4,1,2,3,0.4,1,1,2,Unannounced,5.07
518,5,0,5,0.0,0,3,2,0.6,1,0,2,Unannounced,4.23
519,5,1,4,0.2,0,4,1,0.8,2,1,1,Unannounced,4.84
520,5,0,5,0.0,0,1,4,0.2,0,0,4,Unannounced,1.98
521,5,2,3,0.4,0,1,4,0.2,0,1,3,Unannounced,4.64
522,5,3,2,0.6,0,2,3,0.4,0,1,1,Unannounced,5.15
523,5,3,2,0.6,0,2,3,0.4,0,2,2,Unannounced,4.4
524,5,3,2,0.6,2,3,2,0.6,2,3,2,Unannounced,6.24
525,5,4,1,0.8,4,2,3,0.4,1,2,1,Unannounced,6.4
526,5,1,4,0.2,0,4,1,0.8,0,1,1,Unannounced,5.15
527,5,3,2,0.6,1,3,2,0.6,1,2,1,Unannounced,5.58
528,5,2,3,0.4,1,4,1,0.8,3,2,1,Unannounced,6.47
529,5,1,4,0.2,0,3,2,0.6,0,1,2,Unannounced,4.94
530,5,4,1,0.8,4,4,1,0.8,4,4,1,Unannounced,8.02
531,5,1,4,0.2,0,2,3,0.4,2,1,3,Unannounced,4.86
532,5,2,3,0.4,0,1,4,0.2,0,1,3,Unannounced,3.72
533,5,3,2,0.6,0,3,2,0.6,0,3,2,Unannounced,4.67
534,5,4,1,0.8,4,3,2,0.6,1,3,1,Unannounced,7.18
535,5,4,1,0.8,0,5,0,1.0,5,4,0,Unannounced,7.66
536,5,3,2,0.6,0,3,2,0.6,0,3,2,Unannounced,5.93
537,5,0,5,0.0,0,2,3,0.4,0,0,3,Unannounced,3.1
538,5,3,2,0.6,0,3,2,0.6,0,2,1,Unannounced,5.43
539,5,1,4,0.2,0,2,3,0.4,0,1,3,Unannounced,3.25
540,5,3,2,0.6,0,3,2,0.6,1,2,1,Unannounced,6.31
541,5,4,1,0.8,1,4,1,0.8,3,3,0,Unannounced,7.45
542,5,4,1,0.8,1,3,2,0.6,1,3,1,Unannounced,5.82
543,5,2,3,0.4,0,3,2,0.6,1,2,2,Unannounced,5.22
544,5,2,3,0.4,1,1,4,0.2,0,0,2,Unannounced,4.16
545,5,3,2,0.6,0,2,3,0.4,0,2,2,Unannounced,4.24
546,4,1,3,0.25,0,1,3,0.25,0,1,3,Unannounced,3.06
547,4,3,1,0.75,0,2,2,0.5,0,2,1,Unannounced,4.41
548,4,1,3,0.25,0,2,2,0.5,0,1,2,Unannounced,2.96
549,4,2,2,0.5,1,1,3,0.25,0,0,1,Unannounced,3.71
550,4,3,1,0.75,2,3,1,0.75,1,2,0,Unannounced,5.52
551,4,3,1,0.75,1,3,1,0.75,3,2,0,Unannounced,5.94
552,4,2,2,0.5,1,3,1,0.75,3,1,0,Unannounced,5.32
553,4,1,3,0.25,0,1,3,0.25,0,0,2,Unannounced,2.65
554,4,1,3,0.25,1,2,2,0.5,2,1,2,Unannounced,4.25
555,4,0,4,0.0,0,2,2,0.5,1,0,2,Unannounced,2.83
556,4,2,2,0.5,1,2,2,0.5,1,2,2,Unannounced,4.8
557,4,2,2,0.5,2,1,3,0.25,1,1,2,Unannounced,4.23
558,4,3,1,0.75,3,2,2,0.5,0,1,0,Unannounced,5.19
559,4,0,4,0.0,0,2,2,0.5,1,0,2,Unannounced,2.83
560,4,3,1,0.75,2,3,1,0.75,2,3,1,Unannounced,5.37
561,4,3,1,0.75,1,3,1,0.75,1,3,1,Unannounced,5.24
562,4,3,1,0.75,2,2,2,0.5,0,2,1,Unannounced,4.61
563,4,2,2,0.5,0,2,2,0.5,0,2,2,Unannounced,4.67
564,4,3,1,0.75,3,1,3,0.25,0,1,1,Unannounced,5.0
565,4,0,4,0.0,0,1,3,0.25,0,0,3,Unannounced,2.52
566,4,3,1,0.75,3,3,1,0.75,2,2,0,Unannounced,5.99
567,4,1,3,0.25,0,1,3,0.25,1,0,2,Unannounced,3.5
568,4,2,2,0.5,1,1,3,0.25,0,0,1,Unannounced,3.63
569,4,3,1,0.75,1,2,2,0.5,1,2,1,Unannounced,5.0
570,4,4,0,1.0,4,3,1,0.75,3,3,0,Unannounced,6.61
571,4,2,2,0.5,0,2,2,0.5,0,2,2,Unannounced,3.5
572,4,3,1,0.75,2,3,1,0.75,2,3,1,Unannounced,5.37
573,4,2,2,0.5,0,1,3,0.25,0,1,2,Unannounced,2.85
574,4,0,4,0.0,0,1,3,0.25,0,0,3,Unannounced,2.44
575,4,2,2,0.5,1,0,4,0.0,0,0,2,Unannounced,3.4
576,4,4,0,1.0,4,3,1,0.75,0,3,0,Unannounced,6.09
577,4,0,4,0.0,0,1,3,0.25,1,0,3,Unannounced,2.59
578,4,1,3,0.25,1,1,3,0.25,0,0,2,Unannounced,3.5
579,4,2,2,0.5,0,3,1,0.75,0,2,1,Unannounced,4.49
580,4,4,0,1.0,4,2,2,0.5,1,2,0,Unannounced,5.5
581,4,2,2,0.5,1,2,2,0.5,1,2,2,Unannounced,3.76
582,4,4,0,1.0,4,2,2,0.5,0,2,0,Unannounced,5.44
583,4,2,2,0.5,2,3,1,0.75,3,2,1,Unannounced,5.78
584,4,2,2,0.5,1,2,2,0.5,0,1,1,Unannounced,4.28
585,4,2,2,0.5,0,2,2,0.5,0,1,1,Unannounced,3.79
586,4,3,1,0.75,3,1,3,0.25,0,1,1,Unannounced,4.95
587,4,3,1,0.75,3,2,2,0.5,1,2,1,Unannounced,5.7
588,4,2,2,0.5,0,1,3,0.25,0,1,2,Unannounced,3.27
589,4,3,1,0.75,0,2,2,0.5,0,2,1,Unannounced,4.46
590,3,1,2,0.3333333333333333,0,1,2,0.3333333333333333,0,1,2,Unannounced,2.67
591,4,0,4,0.0,0,2,2,0.5,0,0,2,Unannounced,2.67
592,4,2,2,0.5,0,2,2,0.5,0,2,2,Unannounced,3.5
593,4,2,2,0.5,1,3,1,0.75,1,2,1,Unannounced,4.62
594,4,2,2,0.5,2,1,3,0.25,0,0,1,Unannounced,3.71
595,4,1,3,0.25,0,0,4,0.0,0,0,3,Unannounced,2.49
596,4,1,3,0.25,1,1,3,0.25,1,1,3,Unannounced,3.32
597,4,1,3,0.25,0,2,2,0.5,1,1,2,Unannounced,4.07
598,4,3,1,0.75,2,1,3,0.25,0,1,1,Unannounced,4.38
599,4,1,3,0.25,0,1,3,0.25,1,0,2,Unannounced,3.42
600,4,2,2,0.5,1,3,1,0.75,0,1,0,Unannounced,4.8
601,4,0,4,0.0,0,2,2,0.5,0,0,2,Unannounced,2.67
602,4,3,1,0.75,2,2,2,0.5,0,2,1,Unannounced,4.61
603,4,1,3,0.25,0,1,3,0.25,0,1,3,Unannounced,3.19
604,4,1,3,0.25,0,2,2,0.5,1,1,2,Unannounced,3.03
605,4,3,1,0.75,0,2,2,0.5,0,2,1,Unannounced,4.46
606,4,3,1,0.75,2,4,0,1.0,4,3,0,Unannounced,6.22
607,4,1,3,0.25,0,2,2,0.5,1,1,2,Unannounced,3.03
608,4,3,1,0.75,0,2,2,0.5,0,2,1,Unannounced,4.41
609,4,3,1,0.75,3,1,3,0.25,0,1,1,Unannounced,4.95
610,4,1,3,0.25,0,2,2,0.5,1,1,2,Unannounced,4.07
611,4,3,1,0.75,0,1,3,0.25,0,1,1,Unannounced,4.23
612,4,1,3,0.25,0,1,3,0.25,0,1,3,Unannounced,3.19
613,4,3,1,0.75,1,3,1,0.75,1,3,1,Unannounced,5.24
614,4,2,2,0.5,2,3,1,0.75,2,2,1,Unannounced,5.16
615,4,1,3,0.25,1,1,3,0.25,1,1,3,Unannounced,3.32
616,3,0,3,0.0,0,0,3,0.0,0,0,3,Unannounced,1.39
617,4,2,2,0.5,0,2,2,0.5,1,1,1,Unannounced,4.28
618,4,3,1,0.75,1,2,2,0.5,1,2,1,Unannounced,4.59
619,4,1,3,0.25,1,1,3,0.25,0,0,2,Unannounced,3.5
620,4,3,1,0.75,3,1,3,0.25,0,1,1,Unannounced,4.95
621,4,3,1,0.75,1,2,2,0.5,0,2,1,Unannounced,4.49
622,4,0,4,0.0,0,1,3,0.25,0,0,3,Unannounced,2.44
623,4,4,0,1.0,4,4,0,1.0,4,4,0,Unannounced,6.84
624,4,0,4,0.0,0,3,1,0.75,2,0,1,Unannounced,3.76
625,4,3,1,0.75,1,3,1,0.75,1,3,1,Unannounced,5.24
626,4,4,0,1.0,4,2,2,0.5,0,2,0,Unannounced,5.44
627,4,0,4,0.0,0,2,2,0.5,0,0,2,Unannounced,2.67
628,4,4,0,1.0,4,1,3,0.25,0,1,0,Unannounced,5.21
629,4,3,1,0.75,3,3,1,0.75,3,3,1,Unannounced,6.4
630,4,4,0,1.0,4,2,2,0.5,1,2,0,Unannounced,5.91
631,4,2,2,0.5,2,3,1,0.75,2,2,1,Unannounced,5.16
632,4,2,2,0.5,0,3,1,0.75,2,2,1,Unannounced,4.64
633,4,2,2,0.5,0,3,1,0.75,0,2,1,Unannounced,4.43
634,4,1,3,0.25,0,2,2,0.5,0,1,2,Unannounced,3.42
635,4,0,4,0.0,0,0,4,0.0,0,0,4,Unannounced,1.58
636,4,0,4,0.0,0,1,3,0.25,0,0,3,Unannounced,2.44
637,4,1,3,0.25,0,1,3,0.25,0,0,2,Unannounced,2.72
638,4,2,2,0.5,0,2,2,0.5,1,1,1,Unannounced,4.28
639,4,3,1,0.75,0,2,2,0.5,0,2,1,Unannounced,4.87
640,4,2,2,0.5,0,3,1,0.75,0,2,1,Unannounced,4.43
641,4,0,4,0.0,0,1,3,0.25,0,0,3,Unannounced,2.52
642,4,3,1,0.75,3,3,1,0.75,3,3,1,Unannounced,6.4
643,4,4,0,1.0,4,3,1,0.75,1,3,0,Unannounced,6.14
644,4,0,4,0.0,0,3,1,0.75,2,0,1,Unannounced,3.76
645,4,2,2,0.5,1,2,2,0.5,1,2,2,Unannounced,3.76
646,4,2,2,0.5,1,2,2,0.5,1,2,2,Unannounced,3.76
647,4,3,1,0.75,3,1,3,0.25,1,1,1,Unannounced,5.06
648,4,3,1,0.75,3,3,1,0.75,3,3,1,Unannounced,6.4
649,4,0,4,0.0,0,2,2,0.5,0,0,2,Unannounced,3.37
650,4,0,4,0.0,0,3,1,0.75,2,0,1,Unannounced,3.76
651,4,2,2,0.5,2,1,3,0.25,0,1,2,Unannounced,4.17
652,4,3,1,0.75,0,4,0,1.0,4,3,0,Unannounced,6.12
653,4,1,3,0.25,0,1,3,0.25,0,1,3,Unannounced,3.06
654,4,3,1,0.75,1,1,3,0.25,0,1,1,Unannounced,4.25
655,4,0,4,0.0,0,1,3,0.25,0,0,3,Unannounced,1.82
656,4,3,1,0.75,2,2,2,0.5,1,1,0,Unannounced,5.29
657,4,1,3,0.25,0,2,2,0.5,2,0,1,Unannounced,4.36
658,4,3,1,0.75,3,3,1,0.75,1,2,0,Unannounced,5.94
659,4,4,0,1.0,4,2,2,0.5,2,2,0,Unannounced,5.96
660,4,0,4,0.0,0,0,4,0.0,0,0,4,Unannounced,1.58
661,4,2,2,0.5,2,3,1,0.75,1,1,0,Unannounced,5.32
662,4,2,2,0.5,1,3,1,0.75,0,1,0,Unannounced,5.21
663,4,4,0,1.0,4,3,1,0.75,3,3,0,Unannounced,6.61
664,4,1,3,0.25,0,3,1,0.75,2,1,1,Unannounced,3.97
665,4,3,1,0.75,0,3,1,0.75,2,2,0,Unannounced,5.47
666,4,3,1,0.75,3,2,2,0.5,0,2,1,Unannounced,5.65
667,4,3,1,0.75,2,2,2,0.5,1,2,1,Unannounced,4.67
668,4,3,1,0.75,0,2,2,0.5,1,1,0,Unannounced,4.77
669,4,0,4,0.0,0,2,2,0.5,1,0,2,Unannounced,3.45
670,4,3,1,0.75,2,3,1,0.75,1,2,0,Unannounced,5.52
671,4,4,0,1.0,4,1,3,0.25,0,1,0,Unannounced,5.21
672,4,2,2,0.5,2,2,2,0.5,2,2,2,Unannounced,4.93
673,4,4,0,1.0,4,3,1,0.75,0,3,0,Unannounced,6.09
674,4,4,0,1.0,4,2,2,0.5,0,2,0,Unannounced,5.86
675,4,3,1,0.75,3,3,1,0.75,3,3,1,Unannounced,6.4
676,4,1,3,0.25,0,2,2,0.5,0,1,2,Unannounced,3.42
677,4,2,2,0.5,0,2,2,0.5,0,2,2,Unannounced,3.5
678,4,1,3,0.25,1,1,3,0.25,0,0,2,Unannounced,3.5
679,4,1,3,0.25,0,1,3,0.25,0,0,2,Unannounced,2.65
680,4,0,4,0.0,0,3,1,0.75,2,0,1,Unannounced,3.76
681,4,1,3,0.25,0,3,1,0.75,1,1,1,Unannounced,3.89
682,4,2,2,0.5,0,2,2,0.5,0,2,2,Unannounced,3.5
683,4,2,2,0.5,0,3,1,0.75,0,2,1,Unannounced,4.49
684,4,3,1,0.75,3,1,3,0.25,0,1,1,Unannounced,5.0
685,4,4,0,1.0,4,4,0,1.0,4,4,0,Unannounced,6.84
686,4,2,2,0.5,0,2,2,0.5,0,2,2,Unannounced,3.5
687,4,1,3,0.25,1,2,2,0.5,2,1,2,Unannounced,4.25
688,4,0,4,0.0,0,1,3,0.25,1,0,3,Unannounced,2.59
689,4,1,3,0.25,0,2,2,0.5,2,1,2,Unannounced,4.2
690,4,1,3,0.25,1,3,1,0.75,2,1,1,Unannounced,4.49
691,4,1,3,0.25,0,1,3,0.25,1,0,2,Unannounced,3.5
692,4,2,2,0.5,1,1,3,0.25,1,1,2,Unannounced,3.53
693,4,4,0,1.0,4,3,1,0.75,3,3,0,Unannounced,6.61
694,4,1,3,0.25,0,2,2,0.5,1,0,1,Unannounced,3.66
695,4,4,0,1.0,4,3,1,0.75,1,3,0,Unannounced,6.14
696,4,0,4,0.0,0,0,4,0.0,0,0,4,Unannounced,1.58
697,4,1,3,0.25,0,1,3,0.25,0,1,3,Unannounced,3.06
698,4,2,2,0.5,1,1,3,0.25,1,1,2,Unannounced,4.15
699,4,1,3,0.25,0,2,2,0.5,1,0,1,Unannounced,3.66
700,4,2,2,0.5,0,2,2,0.5,0,1,1,Unannounced,4.2
701,4,2,2,0.5,1,2,2,0.5,0,1,1,Unannounced,3.94
702,4,1,3,0.25,0,1,3,0.25,0,1,3,Unannounced,3.19
703,4,4,0,1.0,4,2,2,0.5,2,2,0,Unannounced,5.96
704,4,2,2,0.5,2,2,2,0.5,0,1,1,Unannounced,4.41
705,4,2,2,0.5,1,1,3,0.25,0,1,2,Unannounced,4.04
706,4,2,2,0.5,2,3,1,0.75,2,2,1,Unannounced,5.16
707,4,2,2,0.5,1,0,4,0.0,0,0,2,Unannounced,2.77
708,4,2,2,0.5,0,3,1,0.75,1,2,1,Unannounced,4.51
709,4,4,0,1.0,4,4,0,1.0,4,4,0,Unannounced,6.84
710,4,2,2,0.5,0,4,0,1.0,4,2,0,Unannounced,5.91
711,4,3,1,0.75,1,3,1,0.75,1,3,1,Unannounced,5.24
712,4,2,2,0.5,0,2,2,0.5,0,1,1,Unannounced,3.79
713,4,3,1,0.75,2,1,3,0.25,0,1,1,Unannounced,4.38
714,4,0,4,0.0,0,2,2,0.5,0,0,2,Unannounced,2.67
715,4,3,1,0.75,1,1,3,0.25,0,1,1,Unannounced,4.25
716,4,3,1,0.75,1,3,1,0.75,3,2,0,Unannounced,5.94
717,4,1,3,0.25,1,1,3,0.25,0,0,2,Unannounced,2.8
718,3,3,0,1.0,3,2,1,0.6666666666666666,0,2,0,Unannounced,4.62
719,3,2,1,0.6666666666666666,2,3,0,1.0,3,2,0,Unannounced,4.73
720,3,1,2,0.3333333333333333,1,2,1,0.6666666666666666,1,1,1,Unannounced,3.45
721,3,1,2,0.3333333333333333,0,2,1,0.6666666666666666,0,1,1,Unannounced,3.35
722,3,1,2,0.3333333333333333,0,0,3,0.0,0,0,2,Unannounced,2.05
723,3,2,1,0.6666666666666666,1,0,3,0.0,0,0,1,Unannounced,2.83
724,3,0,3,0.0,0,1,2,0.3333333333333333,1,0,2,Unannounced,2.2
725,3,1,2,0.3333333333333333,0,2,1,0.6666666666666666,1,1,1,Unannounced,3.37
726,3,2,1,0.6666666666666666,2,2,1,0.6666666666666666,2,2,1,Unannounced,4.05
727,3,2,1,0.6666666666666666,0,2,1,0.6666666666666666,0,2,1,Unannounced,3.84
728,3,1,2,0.3333333333333333,0,1,2,0.3333333333333333,0,1,2,Unannounced,2.67
729,3,1,2,0.3333333333333333,0,0,3,0.0,0,0,2,Unannounced,2.05
730,3,1,2,0.3333333333333333,1,1,2,0.3333333333333333,1,1,2,Unannounced,2.77
731,3,2,1,0.6666666666666666,1,2,1,0.6666666666666666,1,2,1,Unannounced,3.95
732,3,0,3,0.0,0,1,2,0.3333333333333333,1,0,2,Unannounced,2.2
733,3,3,0,1.0,3,1,2,0.3333333333333333,0,1,0,Unannounced,4.07
734,3,3,0,1.0,3,2,1,0.6666666666666666,2,2,0,Unannounced,4.71
735,3,2,1,0.6666666666666666,0,1,2,0.3333333333333333,0,1,1,Unannounced,3.33
736,3,1,2,0.3333333333333333,0,2,1,0.6666666666666666,0,1,1,Unannounced,3.35
737,3,2,1,0.6666666666666666,0,1,2,0.3333333333333333,0,1,1,Unannounced,3.33
738,3,2,1,0.6666666666666666,0,3,0,1.0,3,2,0,Unannounced,4.65
739,3,1,2,0.3333333333333333,0,1,2,0.3333333333333333,0,0,1,Unannounced,2.79
740,3,1,2,0.3333333333333333,0,1,2,0.3333333333333333,0,1,2,Unannounced,2.67
741,3,0,3,0.0,0,2,1,0.6666666666666666,0,0,1,Unannounced,2.81
742,3,2,1,0.6666666666666666,0,2,1,0.6666666666666666,0,2,1,Unannounced,3.84
743,3,1,2,0.3333333333333333,0,1,2,0.3333333333333333,0,1,2,Unannounced,2.67
744,3,2,1,0.6666666666666666,1,1,2,0.3333333333333333,0,1,1,Unannounced,3.35
745,3,2,1,0.6666666666666666,2,2,1,0.6666666666666666,2,2,1,Unannounced,4.05
746,3,2,1,0.6666666666666666,1,2,1,0.6666666666666666,1,2,1,Unannounced,3.95
747,3,1,2,0.3333333333333333,0,1,2,0.3333333333333333,0,0,1,Unannounced,2.79
748,3,1,2,0.3333333333333333,0,2,1,0.6666666666666666,0,1,1,Unannounced,3.35
749,3,2,1,0.6666666666666666,0,2,1,0.6666666666666666,2,1,0,Unannounced,4.13
750,3,0,3,0.0,0,2,1,0.6666666666666666,1,0,1,Unannounced,2.87
751,3,2,1,0.6666666666666666,1,2,1,0.6666666666666666,1,2,1,Unannounced,3.95
752,3,3,0,1.0,3,3,0,1.0,3,3,0,Unannounced,5.22
753,3,2,1,0.6666666666666666,1,2,1,0.6666666666666666,1,2,1,Unannounced,3.95
754,3,2,1,0.6666666666666666,2,1,2,0.3333333333333333,1,1,1,Unannounced,3.49
755,3,2,1,0.6666666666666666,1,1,2,0.3333333333333333,1,1,1,Unannounced,3.43
756,3,2,1,0.6666666666666666,2,1,2,0.3333333333333333,1,1,1,Unannounced,3.49
757,3,2,1,0.6666666666666666,2,1,2,0.3333333333333333,0,1,1,Unannounced,3.45
758,3,3,0,1.0,3,1,2,0.3333333333333333,0,1,0,Unannounced,4.11
759,3,2,1,0.6666666666666666,0,1,2,0.3333333333333333,0,1,1,Unannounced,3.33
760,2,0,2,0.0,0,1,1,0.5,1,0,1,Unannounced,1.91
761,3,1,2,0.3333333333333333,0,2,1,0.6666666666666666,0,1,1,Unannounced,3.35
762,3,1,2,0.3333333333333333,0,3,0,1.0,3,1,0,Unannounced,4.15
763,3,2,1,0.6666666666666666,1,2,1,0.6666666666666666,1,2,1,Unannounced,3.95
764,3,3,0,1.0,3,2,1,0.6666666666666666,0,2,0,Unannounced,4.62
765,3,3,0,1.0,3,2,1,0.6666666666666666,1,2,0,Unannounced,4.67
766,3,2,1,0.6666666666666666,2,1,2,0.3333333333333333,1,1,1,Unannounced,3.49
767,3,2,1,0.6666666666666666,1,1,2,0.3333333333333333,1,1,1,Unannounced,3.43
768,3,0,3,0.0,0,1,2,0.3333333333333333,0,0,2,Unannounced,2.13
769,3,3,0,1.0,3,2,1,0.6666666666666666,1,2,0,Unannounced,4.67
770,3,1,2,0.3333333333333333,1,2,1,0.6666666666666666,1,1,1,Unannounced,3.45
771,3,3,0,1.0,3,1,2,0.3333333333333333,0,1,0,Unannounced,4.07
772,3,2,1,0.6666666666666666,2,1,2,0.3333333333333333,1,1,1,Unannounced,3.49
773,3,1,2,0.3333333333333333,0,1,2,0.3333333333333333,0,0,1,Unannounced,2.79
774,3,2,1,0.6666666666666666,2,1,2,0.3333333333333333,0,1,1,Unannounced,3.45
775,3,1,2,0.3333333333333333,0,0,3,0.0,0,0,2,Unannounced,2.11
776,3,1,2,0.3333333333333333,1,2,1,0.6666666666666666,2,1,1,Unannounced,3.51
777,3,2,1,0.6666666666666666,1,3,0,1.0,3,2,0,Unannounced,4.69
778,3,0,3,0.0,0,0,3,0.0,0,0,3,Unannounced,1.39
779,3,1,2,0.3333333333333333,1,1,2,0.3333333333333333,0,0,1,Unannounced,2.85
780,3,1,2,0.3333333333333333,1,2,1,0.6666666666666666,1,1,1,Unannounced,3.45
781,3,2,1,0.6666666666666666,0,3,0,1.0,3,2,0,Unannounced,4.65
782,3,1,2,0.3333333333333333,0,1,2,0.3333333333333333,0,1,2,Unannounced,2.57
783,3,1,2,0.3333333333333333,0,2,1,0.6666666666666666,2,1,1,Unannounced,3.47
784,3,0,3,0.0,0,1,2,0.3333333333333333,0,0,2,Unannounced,2.07
785,3,0,3,0.0,0,3,0,1.0,3,0,0,Unannounced,3.62
786,3,2,1,0.6666666666666666,1,1,2,0.3333333333333333,1,1,1,Unannounced,3.43
787,3,2,1,0.6666666666666666,0,2,1,0.6666666666666666,1,1,0,Unannounced,4.09
788,3,2,1,0.6666666666666666,0,3,0,1.0,3,2,0,Unannounced,4.65
789,3,2,1,0.6666666666666666,0,1,2,0.3333333333333333,0,1,1,Unannounced,3.33
790,3,3,0,1.0,3,2,1,0.6666666666666666,0,2,0,Unannounced,4.62
791,3,3,0,1.0,3,1,2,0.3333333333333333,0,1,0,Unannounced,4.11
792,3,0,3,0.0,0,2,1,0.6666666666666666,1,0,1,Unannounced,2.87
793,3,2,1,0.6666666666666666,0,2,1,0.6666666666666666,0,2,1,Unannounced,3.84
794,3,2,1,0.6666666666666666,2,1,2,0.3333333333333333,0,1,1,Unannounced,3.45
795,3,2,1,0.6666666666666666,1,1,2,0.3333333333333333,1,1,1,Unannounced,3.43
796,3,1,2,0.3333333333333333,0,1,2,0.3333333333333333,0,1,2,Unannounced,2.67
797,3,2,1,0.6666666666666666,1,2,1,0.6666666666666666,2,1,0,Unannounced,4.17
798,3,0,3,0.0,0,3,0,1.0,3,0,0,Unannounced,3.62
799,3,1,2,0.3333333333333333,0,2,1,0.6666666666666666,2,1,1,Unannounced,3.47
800,3,3,0,1.0,3,2,1,0.6666666666666666,2,2,0,Unannounced,4.71
801,3,2,1,0.6666666666666666,1,2,1,0.6666666666666666,1,2,1,Unannounced,3.95
802,3,1,2,0.3333333333333333,0,1,2,0.3333333333333333,0,1,2,Unannounced,2.67
803,3,0,3,0.0,0,0,3,0.0,0,0,3,Unannounced,1.39
804,3,1,2,0.3333333333333333,0,2,1,0.6666666666666666,1,1,1,Unannounced,3.37
805,3,2,1,0.6666666666666666,0,1,2,0.3333333333333333,0,1,1,Unannounced,3.29
806,3,1,2,0.3333333333333333,0,2,1,0.6666666666666666,0,1,1,Unannounced,3.31
807,3,2,1,0.6666666666666666,1,1,2,0.3333333333333333,1,1,1,Unannounced,3.43
808,3,0,3,0.0,0,1,2,0.3333333333333333,0,0,2,Unannounced,2.13
809,3,1,2,0.3333333333333333,0,2,1,0.6666666666666666,2,0,0,Unannounced,3.59
810,3,3,0,1.0,3,0,3,0.0,0,0,0,Unannounced,3.55
811,3,2,1,0.6666666666666666,1,2,1,0.6666666666666666,2,1,0,Unannounced,4.17
812,3,2,1,0.6666666666666666,2,2,1,0.6666666666666666,1,1,0,Unannounced,4.17
813,3,2,1,0.6666666666666666,2,1,2,0.3333333333333333,1,1,1,Unannounced,3.49
814,3,1,2,0.3333333333333333,1,1,2,0.3333333333333333,0,0,1,Unannounced,2.85
815,3,0,3,0.0,0,2,1,0.6666666666666666,2,0,1,Unannounced,2.94
816,3,1,2,0.3333333333333333,0,2,1,0.6666666666666666,0,1,1,Unannounced,3.31
817,3,1,2,0.3333333333333333,0,2,1,0.6666666666666666,1,1,1,Unannounced,3.37
818,3,1,2,0.3333333333333333,1,1,2,0.3333333333333333,0,0,1,Unannounced,2.85
819,3,2,1,0.6666666666666666,1,2,1,0.6666666666666666,1,2,1,Unannounced,3.95
820,3,1,2,0.3333333333333333,1,2,1,0.6666666666666666,1,1,1,Unannounced,3.45
821,3,3,0,1.0,3,2,1,0.6666666666666666,0,2,0,Unannounced,4.62
822,3,0,3,0.0,0,0,3,0.0,0,0,3,Unannounced,1.39
823,3,1,2,0.3333333333333333,0,1,2,0.3333333333333333,0,1,2,Unannounced,2.67
824,3,1,2,0.3333333333333333,0,0,3,0.0,0,0,2,Unannounced,2.11
825,3,0,3,0.0,0,1,2,0.3333333333333333,0,0,2,Unannounced,2.13
826,3,3,0,1.0,3,2,1,0.6666666666666666,0,2,0,Unannounced,4.62
827,3,1,2,0.3333333333333333,0,1,2,0.3333333333333333,0,1,2,Unannounced,2.67
828,3,0,3,0.0,0,1,2,0.3333333333333333,1,0,2,Unannounced,2.2
829,3,1,2,0.3333333333333333,0,3,0,1.0,3,1,0,Unannounced,4.11
830,3,2,1,0.6666666666666666,0,2,1,0.6666666666666666,0,2,1,Unannounced,3.84
831,3,0,3,0.0,0,1,2,0.3333333333333333,0,0,2,Unannounced,2.07
832,3,1,2,0.3333333333333333,0,2,1,0.6666666666666666,0,1,1,Unannounced,3.35
833,3,3,0,1.0,3,2,1,0.6666666666666666,1,2,0,Unannounced,4.67
834,3,2,1,0.6666666666666666,1,0,3,0.0,0,0,1,Unannounced,2.83
835,3,2,1,0.6666666666666666,1,1,2,0.3333333333333333,0,1,1,Unannounced,3.35
836,3,3,0,1.0,3,1,2,0.3333333333333333,0,1,0,Unannounced,4.11
837,3,2,1,0.6666666666666666,2,2,1,0.6666666666666666,0,1,0,Unannounced,4.13
838,3,2,1,0.6666666666666666,0,2,1,0.6666666666666666,2,1,0,Unannounced,4.13
839,3,1,2,0.3333333333333333,1,1,2,0.3333333333333333,1,1,2,Unannounced,2.77
840,3,2,1,0.6666666666666666,1,1,2,0.3333333333333333,1,1,1,Unannounced,3.43
841,3,2,1,0.6666666666666666,2,2,1,0.6666666666666666,2,2,1,Unannounced,4.05
842,3,0,3,0.0,0,0,3,0.0,0,0,3,Unannounced,1.39
843,3,3,0,1.0,3,1,2,0.3333333333333333,1,1,0,Unannounced,4.15
844,3,2,1,0.6666666666666666,2,2,1,0.6666666666666666,0,1,0,Unannounced,4.13
845,3,1,2,0.3333333333333333,1,1,2,0.3333333333333333,0,0,1,Unannounced,2.85
846,3,2,1,0.6666666666666666,0,3,0,1.0,3,2,0,Unannounced,4.65
847,3,2,1,0.6666666666666666,2,2,1,0.6666666666666666,2,2,1,Unannounced,4.05
848,3,1,2,0.3333333333333333,0,1,2,0.3333333333333333,0,1,2,Unannounced,2.57
849,3,2,1,0.6666666666666666,0,1,2,0.3333333333333333,1,0,0,Unannounced,3.57
850,3,2,1,0.6666666666666666,1,2,1,0.6666666666666666,0,1,0,Unannounced,4.09
851,3,1,2,0.3333333333333333,0,1,2,0.3333333333333333,0,1,2,Unannounced,2.67
852,3,2,1,0.6666666666666666,2,2,1,0.6666666666666666,2,2,1,Unannounced,4.05
853,3,3,0,1.0,3,1,2,0.3333333333333333,0,1,0,Unannounced,4.07
854,3,2,1,0.6666666666666666,0,2,1,0.6666666666666666,1,1,0,Unannounced,4.09
855,3,3,0,1.0,3,2,1,0.6666666666666666,0,2,0,Unannounced,4.62
856,3,2,1,0.6666666666666666,1,1,2,0.3333333333333333,1,1,1,Unannounced,3.43
857,3,0,3,0.0,0,2,1,0.6666666666666666,2,0,1,Unannounced,2.94
858,3,1,2,0.3333333333333333,0,1,2,0.3333333333333333,0,1,2,Unannounced,2.67
859,2,0,2,0.0,0,0,2,0.0,0,0,2,Unannounced,1.13
860,3,2,1,0.6666666666666666,2,1,2,0.3333333333333333,1,1,1,Unannounced,3.49
861,3,3,0,1.0,3,1,2,0.3333333333333333,0,1,0,Unannounced,4.07
862,3,1,2,0.3333333333333333,0,2,1,0.6666666666666666,0,1,1,Unannounced,3.31
863,3,2,1,0.6666666666666666,1,1,2,0.3333333333333333,1,1,1,Unannounced,3.43
864,3,0,3,0.0,0,3,0,1.0,3,0,0,Unannounced,3.62
865,3,1,2,0.3333333333333333,0,1,2,0.3333333333333333,0,1,2,Unannounced,2.57
866,3,2,1,0.6666666666666666,2,2,1,0.6666666666666666,2,2,1,Unannounced,4.05
867,3,3,0,1.0,3,3,0,1.0,3,3,0,Unannounced,5.22
868,3,2,1,0.6666666666666666,1,2,1,0.6666666666666666,0,1,0,Unannounced,4.09
869,3,3,0,1.0,3,1,2,0.3333333333333333,1,1,0,Unannounced,4.15
870,1,0,1,0.0,0,0,1,0.0,0,0,1,Unannounced,0.79
871,3,1,2,0.3333333333333333,0,1,2,0.3333333333333333,0,0,1,Unannounced,2.79
872,3,1,2,0.3333333333333333,1,1,2,0.3333333333333333,1,1,2,Unannounced,2.77
873,3,0,3,0.0,0,2,1,0.6666666666666666,0,0,1,Unannounced,2.81
874,3,1,2,0.3333333333333333,0,1,2,0.3333333333333333,1,0,1,Unannounced,2.91
875,3,2,1,0.6666666666666666,0,2,1,0.6666666666666666,0,2,1,Unannounced,3.84
876,3,2,1,0.6666666666666666,2,3,0,1.0,3,2,0,Unannounced,4.73
877,3,1,2,0.3333333333333333,1,1,2,0.3333333333333333,1,1,2,Unannounced,2.77
878,3,1,2,0.3333333333333333,0,1,2,0.3333333333333333,0,1,2,Unannounced,2.57
879,3,2,1,0.6666666666666666,2,2,1,0.6666666666666666,2,2,1,Unannounced,4.05
880,3,2,1,0.6666666666666666,0,2,1,0.6666666666666666,0,2,1,Unannounced,3.84
881,3,2,1,0.6666666666666666,0,3,0,1.0,3,2,0,Unannounced,4.65
882,3,1,2,0.3333333333333333,0,1,2,0.3333333333333333,0,1,2,Unannounced,2.57
883,3,0,3,0.0,0,2,1,0.6666666666666666,2,0,1,Unannounced,2.94
884,3,1,2,0.3333333333333333,0,1,2,0.3333333333333333,0,1,2,Unannounced,2.57
885,3,0,3,0.0,0,1,2,0.3333333333333333,0,0,2,Unannounced,2.13
886,3,0,3,0.0,0,0,3,0.0,0,0,3,Unannounced,1.39
887,3,0,3,0.0,0,0,3,0.0,0,0,3,Unannounced,1.39
888,2,1,1,0.5,1,0,2,0.0,0,0,1,Unannounced,1.89
889,2,0,2,0.0,0,1,1,0.5,1,0,1,Unannounced,1.91
890,2,1,1,0.5,0,2,0,1.0,2,1,0,Unannounced,3.13
891,2,2,0,1.0,2,2,0,1.0,2,2,0,Unannounced,3.68
892,2,2,0,1.0,2,2,0,1.0,2,2,0,Unannounced,3.68
893,2,1,1,0.5,1,1,1,0.5,1,1,1,Unannounced,2.46
894,2,1,1,0.5,0,0,2,0.0,0,0,1,Unannounced,1.83
895,2,2,0,1.0,2,2,0,1.0,2,2,0,Unannounced,3.68
896,2,1,1,0.5,1,1,1,0.5,0,0,0,Unannounced,2.6
897,2,1,1,0.5,1,1,1,0.5,1,1,1,Unannounced,2.46
898,2,0,2,0.0,0,0,2,0.0,0,0,2,Unannounced,1.13
899,2,1,1,0.5,1,1,1,0.5,1,1,1,Unannounced,2.46
900,2,2,0,1.0,2,2,0,1.0,2,2,0,Unannounced,3.68
901,2,1,1,0.5,0,1,1,0.5,0,1,1,Unannounced,2.35
902,2,2,0,1.0,2,2,0,1.0,2,2,0,Unannounced,3.68
903,2,2,0,1.0,2,1,1,0.5,0,1,0,Unannounced,3.11
904,2,1,1,0.5,0,1,1,0.5,0,1,1,Unannounced,2.35
905,2,1,1,0.5,0,1,1,0.5,0,1,1,Unannounced,2.35
906,2,1,1,0.5,1,1,1,0.5,1,1,1,Unannounced,2.46
907,2,1,1,0.5,1,1,1,0.5,1,1,1,Unannounced,2.46
908,2,1,1,0.5,1,1,1,0.5,1,1,1,Unannounced,2.46
909,2,1,1,0.5,1,1,1,0.5,1,1,1,Unannounced,2.46
910,2,0,2,0.0,0,0,2,0.0,0,0,2,Unannounced,1.13
911,2,1,1,0.5,1,0,2,0.0,0,0,1,Unannounced,1.89
912,2,1,1,0.5,0,2,0,1.0,2,1,0,Unannounced,3.13
913,2,0,2,0.0,0,2,0,1.0,2,0,0,Unannounced,2.62
914,2,1,1,0.5,0,1,1,0.5,0,1,1,Unannounced,2.35
915,2,0,2,0.0,0,0,2,0.0,0,0,2,Unannounced,1.13
916,2,1,1,0.5,1,1,1,0.5,0,0,0,Unannounced,2.6
917,2,2,0,1.0,2,2,0,1.0,2,2,0,Unannounced,3.68
918,2,0,2,0.0,0,1,1,0.5,1,0,1,Unannounced,1.91
919,2,1,1,0.5,0,2,0,1.0,2,1,0,Unannounced,3.13
920,2,1,1,0.5,1,0,2,0.0,0,0,1,Unannounced,1.89
921,2,1,1,0.5,0,0,2,0.0,0,0,1,Unannounced,1.83
922,2,2,0,1.0,2,1,1,0.5,0,1,0,Unannounced,3.11
923,2,2,0,1.0,2,1,1,0.5,0,1,0,Unannounced,3.11
924,2,2,0,1.0,2,2,0,1.0,2,2,0,Unannounced,3.68
925,2,1,1,0.5,1,1,1,0.5,1,1,1,Unannounced,2.46
926,2,0,2,0.0,0,0,2,0.0,0,0,2,Unannounced,1.13
927,2,1,1,0.5,0,0,2,0.0,0,0,1,Unannounced,1.83
928,2,1,1,0.5,0,0,2,0.0,0,0,1,Unannounced,1.83
929,2,0,2,0.0,0,1,1,0.5,1,0,1,Unannounced,1.91
930,2,0,2,0.0,0,1,1,0.5,0,0,1,Unannounced,1.84
931,2,2,0,1.0,2,1,1,0.5,0,1,0,Unannounced,3.11
932,2,1,1,0.5,1,1,1,0.5,1,1,1,Unannounced,2.46
933,2,1,1,0.5,0,1,1,0.5,0,1,1,Unannounced,2.35
934,2,0,2,0.0,0,1,1,0.5,0,0,1,Unannounced,1.84
935,2,1,1,0.5,1,2,0,1.0,2,1,0,Unannounced,3.17
936,2,1,1,0.5,1,0,2,0.0,0,0,1,Unannounced,1.89
937,2,2,0,1.0,2,2,0,1.0,2,2,0,Unannounced,3.68
938,2,1,1,0.5,0,0,2,0.0,0,0,1,Unannounced,1.83
939,2,1,1,0.5,1,2,0,1.0,2,1,0,Unannounced,3.17
940,2,2,0,1.0,2,2,0,1.0,2,2,0,Unannounced,3.68
941,2,2,0,1.0,2,1,1,0.5,0,1,0,Unannounced,3.11
942,2,2,0,1.0,2,1,1,0.5,0,1,0,Unannounced,3.11
943,2,2,0,1.0,2,1,1,0.5,1,1,0,Unannounced,3.15
944,2,1,1,0.5,0,1,1,0.5,0,1,1,Unannounced,2.35
945,2,1,1,0.5,1,0,2,0.0,0,0,1,Unannounced,1.89
946,2,0,2,0.0,0,0,2,0.0,0,0,2,Unannounced,1.13
947,2,0,2,0.0,0,0,2,0.0,0,0,2,Unannounced,1.13
948,2,2,0,1.0,2,0,2,0.0,0,0,0,Unannounced,2.59
949,2,2,0,1.0,2,2,0,1.0,2,2,0,Unannounced,3.68
950,2,2,0,1.0,2,2,0,1.0,2,2,0,Unannounced,3.68
951,2,0,2,0.0,0,0,2,0.0,0,0,2,Unannounced,1.13
952,2,2,0,1.0,2,1,1,0.5,1,1,0,Unannounced,3.15
953,2,1,1,0.5,1,1,1,0.5,1,1,1,Unannounced,2.46
954,2,1,1,0.5,1,1,1,0.5,0,0,0,Unannounced,2.6
955,2,0,2,0.0,0,1,1,0.5,1,0,1,Unannounced,1.91
956,2,0,2,0.0,0,0,2,0.0,0,0,2,Unannounced,1.13
957,2,2,0,1.0,2,1,1,0.5,0,1,0,Unannounced,3.11
958,2,1,1,0.5,1,0,2,0.0,0,0,1,Unannounced,1.89
959,2,2,0,1.0,2,2,0,1.0,2,2,0,Unannounced,3.68
960,2,1,1,0.5,0,2,0,1.0,2,1,0,Unannounced,3.13
961,2,2,0,1.0,2,1,1,0.5,0,1,0,Unannounced,3.11
962,2,2,0,1.0,2,2,0,1.0,2,2,0,Unannounced,3.68
963,2,1,1,0.5,1,1,1,0.5,1,1,1,Unannounced,2.46
964,2,0,2,0.0,0,0,2,0.0,0,0,2,Unannounced,1.13
965,2,1,1,0.5,0,2,0,1.0,2,1,0,Unannounced,3.13
966,2,1,1,0.5,1,1,1,0.5,1,1,1,Unannounced,2.46
967,2,0,2,0.0,0,0,2,0.0,0,0,2,Unannounced,1.13
968,2,2,0,1.0,2,2,0,1.0,2,2,0,Unannounced,3.68
969,2,1,1,0.5,0,2,0,1.0,2,1,0,Unannounced,3.13
970,2,1,1,0.5,0,2,0,1.0,2,1,0,Unannounced,3.13
971,2,1,1,0.5,0,1,1,0.5,0,1,1,Unannounced,2.35
972,2,2,0,1.0,2,2,0,1.0,2,2,0,Unannounced,3.68
973,2,2,0,1.0,2,2,0,1.0,2,2,0,Unannounced,3.68
974,2,1,1,0.5,0,1,1,0.5,0,1,1,Unannounced,2.35
975,2,0,2,0.0,0,1,1,0.5,1,0,1,Unannounced,1.91
976,2,2,0,1.0,2,2,0,1.0,2,2,0,Unannounced,3.68
977,2,0,2,0.0,0,2,0,1.0,2,0,0,Unannounced,2.62
978,2,1,1,0.5,0,1,1,0.5,0,1,1,Unannounced,2.35
979,2,2,0,1.0,2,2,0,1.0,2,2,0,Unannounced,3.68
980,2,0,2,0.0,0,1,1,0.5,0,0,1,Unannounced,1.84
981,2,1,1,0.5,1,1,1,0.5,1,1,1,Unannounced,2.46
982,2,1,1,0.5,0,2,0,1.0,2,1,0,Unannounced,3.13
983,2,1,1,0.5,1,1,1,0.5,1,1,1,Unannounced,2.46
984,2,0,2,0.0,0,1,1,0.5,0,0,1,Unannounced,1.84
985,2,0,2,0.0,0,0,2,0.0,0,0,2,Unannounced,1.13
986,2,1,1,0.5,0,1,1,0.5,0,1,1,Unannounced,2.35
987,2,0,2,0.0,0,0,2,0.0,0,0,2,Unannounced,1.13
988,2,1,1,0.5,0,2,0,1.0,2,1,0,Unannounced,3.13
989,2,0,2,0.0,0,1,1,0.5,1,0,1,Unannounced,1.91
990,2,1,1,0.5,1,0,2,0.0,0,0,1,Unannounced,1.89
991,2,1,1,0.5,0,0,2,0.0,0,0,1,Unannounced,1.83
992,2,0,2,0.0,0,0,2,0.0,0,0,2,Unannounced,1.13
993,2,0,2,0.0,0,0,2,0.0,0,0,2,Unannounced,1.13
994,2,0,2,0.0,0,1,1,0.5,1,0,1,Unannounced,1.91
995,2,2,0,1.0,2,1,1,0.5,1,1,0,Unannounced,3.15
996,2,1,1,0.5,1,0,2,0.0,0,0,1,Unannounced,1.89
997,2,1,1,0.5,1,1,1,0.5,1,1,1,Unannounced,2.46
998,2,0,2,0.0,0,0,2,0.0,0,0,2,Unannounced,1.13
999,2,2,0,1.0,2,1,1,0.5,1,1,0,Unannounced,3.15
1000,2,2,0,1.0,2,1,1,0.5,0,1,0,Unannounced,3.11
1001,2,0,2,0.0,0,1,1,0.5,1,0,1,Unannounced,1.91
1002,2,2,0,1.0,2,2,0,1.0,2,2,0,Unannounced,3.68
1003,2,1,1,0.5,0,1,1,0.5,0,1,1,Unannounced,2.35
1004,2,1,1,0.5,1,1,1,0.5,1,1,1,Unannounced,2.46
1005,2,0,2,0.0,0,1,1,0.5,1,0,1,Unannounced,1.91
1006,2,1,1,0.5,0,0,2,0.0,0,0,1,Unannounced,1.83
1007,2,1,1,0.5,1,1,1,0.5,0,0,0,Unannounced,2.6
1008,2,1,1,0.5,1,0,2,0.0,0,0,1,Unannounced,1.89
1009,2,1,1,0.5,1,1,1,0.5,0,0,0,Unannounced,2.6
1010,2,1,1,0.5,1,0,2,0.0,0,0,1,Unannounced,1.89
1011,2,1,1,0.5,0,2,0,1.0,2,1,0,Unannounced,3.13
1012,2,0,2,0.0,0,0,2,0.0,0,0,2,Unannounced,1.13
1013,2,2,0,1.0,2,2,0,1.0,2,2,0,Unannounced,3.68
1014,2,1,1,0.5,1,1,1,0.5,1,1,1,Unannounced,2.46
1015,2,2,0,1.0,2,1,1,0.5,0,1,0,Unannounced,3.11
1016,2,2,0,1.0,2,1,1,0.5,0,1,0,Unannounced,3.11
1017,2,0,2,0.0,0,2,0,1.0,2,0,0,Unannounced,2.62
1018,2,1,1,0.5,0,1,1,0.5,1,0,0,Unannounced,2.6
1019,2,1,1,0.5,0,1,1,0.5,0,1,1,Unannounced,2.35
1020,2,2,0,1.0,2,1,1,0.5,0,1,0,Unannounced,3.11
1021,2,1,1,0.5,0,1,1,0.5,1,0,0,Unannounced,2.6
1022,2,0,2,0.0,0,1,1,0.5,0,0,1,Unannounced,1.84
1023,2,1,1,0.5,0,2,0,1.0,2,1,0,Unannounced,3.13
1024,2,1,1,0.5,0,1,1,0.5,0,1,1,Unannounced,2.35
1025,2,1,1,0.5,1,0,2,0.0,0,0,1,Unannounced,1.89
1026,2,0,2,0.0,0,0,2,0.0,0,0,2,Unannounced,1.13
1027,2,2,0,1.0,2,0,2,0.0,0,0,0,Unannounced,2.59
1028,2,1,1,0.5,1,1,1,0.5,0,0,0,Unannounced,2.6
1029,2,0,2,0.0,0,0,2,0.0,0,0,2,Unannounced,1.13
1030,2,1,1,0.5,1,1,1,0.5,1,1,1,Unannounced,2.46
1031,2,0,2,0.0,0,2,0,1.0,2,0,0,Unannounced,2.62
1032,2,1,1,0.5,1,0,2,0.0,0,0,1,Unannounced,1.89
1033,2,0,2,0.0,0,0,2,0.0,0,0,2,Unannounced,1.13
1034,2,2,0,1.0,2,1,1,0.5,0,1,0,Unannounced,3.11
1035,2,2,0,1.0,2,2,0,1.0,2,2,0,Unannounced,3.68
1036,2,1,1,0.5,0,1,1,0.5,0,1,1,Unannounced,2.35
1037,2,1,1,0.5,0,2,0,1.0,2,1,0,Unannounced,3.13
1038,2,2,0,1.0,2,2,0,1.0,2,2,0,Unannounced,3.68
1039,2,2,0,1.0,2,1,1,0.5,0,1,0,Unannounced,3.11
1040,2,1,1,0.5,1,1,1,0.5,1,1,1,Unannounced,2.46
1041,2,1,1,0.5,0,2,0,1.0,2,1,0,Unannounced,3.13
1042,2,0,2,0.0,0,1,1,0.5,1,0,1,Unannounced,1.91
1043,2,0,2,0.0,0,1,1,0.5,1,0,1,Unannounced,1.91
1044,2,1,1,0.5,0,1,1,0.5,1,0,0,Unannounced,2.6
1045,1,0,1,0.0,0,1,0,1.0,1,0,0,Unannounced,1.63
1046,2,1,1,0.5,1,1,1,0.5,1,1,1,Unannounced,2.46
1047,2,2,0,1.0,2,1,1,0.5,1,1,0,Unannounced,3.15
1048,2,0,2,0.0,0,1,1,0.5,1,0,1,Unannounced,1.91
1049,1,1,0,1.0,1,0,1,0.0,0,0,0,Unannounced,1.62
1050,1,1,0,1.0,1,0,1,0.0,0,0,0,Unannounced,1.62
1051,1,0,1,0.0,0,0,1,0.0,0,0,1,Unannounced,0.79
1052,1,0,1,0.0,0,1,0,1.0,1,0,0,Unannounced,1.63
1053,1,0,1,0.0,0,0,1,0.0,0,0,1,Unannounced,0.79
1054,1,0,1,0.0,0,1,0,1.0,1,0,0,Unannounced,1.63
1055,1,0,1,0.0,0,0,1,0.0,0,0,1,Unannounced,0.79
1056,1,1,0,1.0,1,1,0,1.0,1,1,0,Unannounced,2.21
1057,1,0,1,0.0,0,0,1,0.0,0,0,1,Unannounced,0.79
1058,1,1,0,1.0,1,0,1,0.0,0,0,0,Unannounced,1.62
1059,1,1,0,1.0,1,0,1,0.0,0,0,0,Unannounced,1.62
1060,1,0,1,0.0,0,0,1,0.0,0,0,1,Unannounced,0.79
1061,1,0,1,0.0,0,1,0,1.0,1,0,0,Unannounced,1.63
1062,1,1,0,1.0,1,1,0,1.0,1,1,0,Unannounced,2.21
1063,1,0,1,0.0,0,1,0,1.0,1,0,0,Unannounced,1.63
1064,1,1,0,1.0,1,0,1,0.0,0,0,0,Unannounced,1.62
1065,1,0,1,0.0,0,1,0,1.0,1,0,0,Unannounced,1.63
1066,1,1,0,1.0,1,0,1,0.0,0,0,0,Unannounced,1.62
1067,1,1,0,1.0,1,1,0,1.0,1,1,0,Unannounced,2.21
1068,1,1,0,1.0,1,1,0,1.0,1,1,0,Unannounced,2.21
1069,1,1,0,1.0,1,0,1,0.0,0,0,0,Unannounced,1.62
1070,1,0,1,0.0,0,0,1,0.0,0,0,1,Unannounced,0.79
1071,1,0,1,0.0,0,0,1,0.0,0,0,1,Unannounced,0.79
1072,1,0,1,0.0,0,1,0,1.0,1,0,0,Unannounced,1.63
1073,1,0,1,0.0,0,0,1,0.0,0,0,1,Unannounced,0.79
1074,1,0,1,0.0,0,1,0,1.0,1,0,0,Unannounced,1.63
1075,1,1,0,1.0,1,1,0,1.0,1,1,0,Unannounced,2.21
1076,1,0,1,0.0,0,0,1,0.0,0,0,1,Unannounced,0.79
1077,1,1,0,1.0,1,1,0,1.0,1,1,0,Unannounced,2.21
1078,1,1,0,1.0,1,1,0,1.0,1,1,0,Unannounced,2.21
1079,1,1,0,1.0,1,1,0,1.0,1,1,0,Unannounced,2.21
1080,1,0,1,0.0,0,0,1,0.0,0,0,1,Unannounced,0.79
1081,1,1,0,1.0,1,1,0,1.0,1,1,0,Unannounced,2.21
1082,1,1,0,1.0,1,0,1,0.0,0,0,0,Unannounced,1.62
1083,1,1,0,1.0,1,1,0,1.0,1,1,0,Unannounced,2.21
1084,1,1,0,1.0,1,1,0,1.0,1,1,0,Unannounced,2.21
1085,1,1,0,1.0,1,1,0,1.0,1,1,0,Unannounced,2.21
1086,1,0,1,0.0,0,0,1,0.0,0,0,1,Unannounced,0.79
1087,1,1,0,1.0,1,1,0,1.0,1,1,0,Unannounced,2.21
1088,1,0,1,0.0,0,0,1,0.0,0,0,1,Unannounced,0.79
1089,1,0,1,0.0,0,0,1,0.0,0,0,1,Unannounced,0.79
1090,1,1,0,1.0,1,0,1,0.0,0,0,0,Unannounced,1.62
1091,1,1,0,1.0,1,1,0,1.0,1,1,0,Unannounced,2.21
1092,1,0,1,0.0,0,0,1,0.0,0,0,1,Unannounced,0.79
1093,1,1,0,1.0,1,1,0,1.0,1,1,0,Unannounced,2.21
1094,1,1,0,1.0,1,1,0,1.0,1,1,0,Unannounced,2.21
1095,1,1,0,1.0,1,1,0,1.0,1,1,0,Unannounced,2.21
1096,1,0,1,0.0,0,1,0,1.0,1,0,0,Unannounced,1.63
1097,1,0,1,0.0,0,0,1,0.0,0,0,1,Unannounced,0.79
1098,1,0,1,0.0,0,0,1,0.0,0,0,1,Unannounced,0.79
1099,1,1,0,1.0,1,1,0,1.0,1,1,0,Unannounced,2.21
1100,1,1,0,1.0,1,1,0,1.0,1,1,0,Unannounced,2.21
1101,1,1,0,1.0,1,1,0,1.0,1,1,0,Unannounced,2.21
1102,1,0,1,0.0,0,0,1,0.0,0,0,1,Unannounced,0.79
1103,1,0,1,0.0,0,0,1,0.0,0,0,1,Unannounced,0.79
1104,1,1,0,1.0,1,1,0,1.0,1,1,0,Unannounced,2.21
1105,1,1,0,1.0,1,1,0,1.0,1,1,0,Unannounced,2.21
1106,1,0,1,0.0,0,0,1,0.0,0,0,1,Unannounced,0.79
1107,1,1,0,1.0,1,1,0,1.0,1,1,0,Unannounced,2.21
1108,1,0,1,0.0,0,0,1,0.0,0,0,1,Unannounced,0.79
1109,1,0,1,0.0,0,0,1,0.0,0,0,1,Unannounced,0.79
1110,1,1,0,1.0,1,1,0,1.0,1,1,0,Unannounced,2.21
1111,1,1,0,1.0,1,1,0,1.0,1,1,0,Unannounced,2.21
1112,1,0,1,0.0,0,0,1,0.0,0,0,1,Unannounced,0.79
1113,1,0,1,0.0,0,0,1,0.0,0,0,1,Unannounced,0.79
1114,1,0,1,0.0,0,0,1,0.0,0,0,1,Unannounced,0.79
1115,1,0,1,0.0,0,0,1,0.0,0,0,1,Unannounced,0.79
1116,1,1,0,1.0,1,1,0,1.0,1,1,0,Unannounced,2.21
1117,0,0,0,0,0,0,0,0,0,0,0,Unannounced,0.0
1118,1,1,0,1.0,1,1,0,1.0,1,1,0,Unannounced,2.21
1119,1,1,0,1.0,1,1,0,1.0,1,1,0,Unannounced,2.21
1120,1,0,1,0.0,0,0,1,0.0,0,0,1,Unannounced,0.79
1121,1,0,1,0.0,0,0,1,0.0,0,0,1,Unannounced,0.79
1122,1,0,1,0.0,0,0,1,0.0,0,0,1,Unannounced,0.79
1123,1,1,0,1.0,1,1,0,1.0,1,1,0,Unannounced,2.21
1124,1,0,1,0.0,0,0,1,0.0,0,0,1,Unannounced,0.79
1125,1,1,0,1.0,1,0,1,0.0,0,0,0,Unannounced,1.62
1126,1,0,1,0.0,0,1,0,1.0,1,0,0,Unannounced,1.63
1127,1,0,1,0.0,0,0,1,0.0,0,0,1,Unannounced,0.79
1128,1,1,0,1.0,1,1,0,1.0,1,1,0,Unannounced,2.21
1129,1,1,0,1.0,1,0,1,0.0,0,0,0,Unannounced,1.62
1130,1,0,1,0.0,0,1,0,1.0,1,0,0,Unannounced,1.63
1131,1,1,0,1.0,1,0,1,0.0,0,0,0,Unannounced,1.62
1132,1,1,0,1.0,1,1,0,1.0,1,1,0,Unannounced,2.21
1133,1,0,1,0.0,0,0,1,0.0,0,0,1,Unannounced,0.79
1134,1,1,0,1.0,1,0,1,0.0,0,0,0,Unannounced,1.62
1135,1,1,0,1.0,1,1,0,1.0,1,1,0,Unannounced,2.21
1136,1,0,1,0.0,0,1,0,1.0,1,0,0,Unannounced,1.63
1137,1,0,1,0.0,0,1,0,1.0,1,0,0,Unannounced,1.63
1138,1,1,0,1.0,1,1,0,1.0,1,1,0,Unannounced,2.21
1139,1,0,1,0.0,0,0,1,0.0,0,0,1,Unannounced,0.79
1140,1,0,1,0.0,0,1,0,1.0,1,0,0,Unannounced,1.63
1141,1,0,1,0.0,0,0,1,0.0,0,0,1,Unannounced,0.79
1142,1,0,1,0.0,0,1,0,1.0,1,0,0,Unannounced,1.63
1143,1,0,1,0.0,0,0,1,0.0,0,0,1,Unannounced,0.79
1144,1,1,0,1.0,1,1,0,1.0,1,1,0,Unannounced,2.21
1145,1,1,0,1.0,1,1,0,1.0,1,1,0,Unannounced,2.21
1146,1,0,1,0.0,0,0,1,0.0,0,0,1,Unannounced,0.79
1147,1,0,1,0.0,0,1,0,1.0,1,0,0,Unannounced,1.63
1148,1,0,1,0.0,0,0,1,0.0,0,0,1,Unannounced,0.79
1149,1,1,0,1.0,1,1,0,1.0,1,1,0,Unannounced,2.21
1150,1,1,0,1.0,1,0,1,0.0,0,0,0,Unannounced,1.62
1151,1,1,0,1.0,1,0,1,0.0,0,0,0,Unannounced,1.62
1152,1,0,1,0.0,0,0,1,0.0,0,0,1,Unannounced,0.79
1153,1,1,0,1.0,1,0,1,0.0,0,0,0,Unannounced,1.62
1154,1,1,0,1.0,1,0,1,0.0,0,0,0,Unannounced,1.62
1155,1,1,0,1.0,1,1,0,1.0,1,1,0,Unannounced,2.21
1156,1,0,1,0.0,0,1,0,1.0,1,0,0,Unannounced,1.63
1157,1,0,1,0.0,0,1,0,1.0,1,0,0,Unannounced,1.63
1158,1,1,0,1.0,1,0,1,0.0,0,0,0,Unannounced,1.62
1159,1,1,0,1.0,1,0,1,0.0,0,0,0,Unannounced,1.62
1160,1,0,1,0.0,0,1,0,1.0,1,0,0,Unannounced,1.63
1161,1,1,0,1.0,1,0,1,0.0,0,0,0,Unannounced,1.62
1162,1,0,1,0.0,0,1,0,1.0,1,0,0,Unannounced,1.63
1163,1,1,0,1.0,1,1,0,1.0,1,1,0,Unannounced,2.21
1164,1,1,0,1.0,1,0,1,0.0,0,0,0,Unannounced,1.62
1165,1,1,0,1.0,1,0,1,0.0,0,0,0,Unannounced,1.62
1166,1,1,0,1.0,1,0,1,0.0,0,0,0,Unannounced,1.62
1167,1,1,0,1.0,1,1,0,1.0,1,1,0,Unannounced,2.21
1168,1,0,1,0.0,0,1,0,1.0,1,0,0,Unannounced,1.63
1169,1,1,0,1.0,1,1,0,1.0,1,1,0,Unannounced,2.21
1170,1,1,0,1.0,1,1,0,1.0,1,1,0,Unannounced,2.21
1171,1,0,1,0.0,0,0,1,0.0,0,0,1,Unannounced,0.79
1172,1,0,1,0.0,0,0,1,0.0,0,0,1,Unannounced,0.79
1173,1,0,1,0.0,0,1,0,1.0,1,0,0,Unannounced,1.63
1174,1,1,0,1.0,1,0,1,0.0,0,0,0,Unannounced,1.62
1175,1,0,1,0.0,0,1,0,1.0,1,0,0,Unannounced,1.63
1176,1,0,1,0.0,0,0,1,0.0,0,0,1,Unannounced,0.79
1177,1,0,1,0.0,0,1,0,1.0,1,0,0,Unannounced,1.63
1178,1,0,1,0.0,0,1,0,1.0,1,0,0,Unannounced,1.63
1179,1,0,1,0.0,0,1,0,1.0,1,0,0,Unannounced,1.63
1180,1,1,0,1.0,1,1,0,1.0,1,1,0,Unannounced,2.21
1181,1,0,1,0.0,0,0,1,0.0,0,0,1,Unannounced,0.79
1182,1,1,0,1.0,1,1,0,1.0,1,1,0,Unannounced,2.21
1183,1,0,1,0.0,0,0,1,0.0,0,0,1,Unannounced,0.79
1184,1,1,0,1.0,1,0,1,0.0,0,0,0,Unannounced,1.62
1185,1,0,1,0.0,0,1,0,1.0,1,0,0,Unannounced,1.63
1186,1,0,1,0.0,0,1,0,1.0,1,0,0,Unannounced,1.63
1187,1,1,0,1.0,1,0,1,0.0,0,0,0,Unannounced,1.62
1188,1,1,0,1.0,1,0,1,0.0,0,0,0,Unannounced,1.62
1189,1,0,1,0.0,0,0,1,0.0,0,0,1,Unannounced,0.79
1190,1,1,0,1.0,1,0,1,0.0,0,0,0,Unannounced,1.62
